Order ID,Order Date,Customer Gender,Customer Age,State,Category,Unit Price,Quantity,Sales,Shipping Mode,Delivery Days,Rating
ORD-10344,2025-01-01,Male,20,Illinois,Home & Kitchen,147.3,1,147.3,Express,3,5
ORD-10728,2025-01-01,Female,41,Florida,Sports,89.76,4,359.04,Express,3,4
ORD-10821,2025-01-01,Female,26,Illinois,Beauty,55.38,1,55.38,Standard,5,5
ORD-12376,2025-01-01,Male,38,California,Home & Kitchen,103.91,4,415.64,Express,2,3
ORD-12866,2025-01-01,Female,67,Texas,Home & Kitchen,137.39,2,274.78,Standard,8,5
ORD-10380,2025-01-02,Female,58,California,Electronics,167.94,1,167.94,Standard,8,5
ORD-10938,2025-01-02,Female,26,Illinois,Clothing,73.88,1,73.88,Same Day,0,5
ORD-11463,2025-01-02,Female,41,Ohio,Beauty,39.93,3,119.79,Standard,7,4
ORD-12032,2025-01-02,Male,30,Washington,Electronics,417.19,3,1251.57,Express,2,3
ORD-12206,2025-01-02,Male,67,New York,Beauty,38.16,3,114.48,Express,1,5
ORD-12942,2025-01-02,Female,24,California,Electronics,238.26,4,953.04,Standard,8,5
ORD-12969,2025-01-02,Female,20,New York,Home & Kitchen,190.36,1,190.36,Standard,6,4
ORD-10205,2025-01-03,Male,31,California,Home & Kitchen,179.97,3,539.91,Express,3,2
ORD-11012,2025-01-03,Male,59,California,Beauty,41.17,1,41.17,Standard,7,5
ORD-11135,2025-01-03,Male,46,Georgia,Home & Kitchen,233.22,3,699.66,Standard,6,4
ORD-11638,2025-01-03,Female,40,California,Clothing,77.58,4,310.32,Standard,4,4
ORD-11793,2025-01-03,Male,68,Illinois,Clothing,67.42,4,269.68,Standard,5,4
ORD-11879,2025-01-03,Male,51,Illinois,Sports,132.29,1,132.29,Standard,5,5
ORD-12040,2025-01-03,Female,61,California,Electronics,163.84,2,327.68,Express,1,4
ORD-12652,2025-01-03,Male,45,California,Clothing,70.63,2,141.26,Same Day,0,4
ORD-10098,2025-01-04,Female,51,Texas,Home & Kitchen,220.8,1,220.8,Express,1,5
ORD-10840,2025-01-04,Female,41,Illinois,Sports,186.25,1,186.25,Standard,8,5
ORD-10915,2025-01-04,Male,60,New York,Clothing,29.36,1,29.36,Standard,6,5
ORD-11096,2025-01-04,Female,47,Ohio,Clothing,48.32,4,193.28,Express,1,3
ORD-11248,2025-01-04,Male,38,New York,Books,36.87,4,147.48,Standard,6,3
ORD-11470,2025-01-04,Female,51,New York,Electronics,563.54,3,1690.62,Standard,3,4
ORD-12855,2025-01-04,Male,40,New York,Clothing,34.27,1,34.27,Standard,3,5
ORD-10052,2025-01-05,Female,37,Illinois,Home & Kitchen,218.09,1,218.09,Standard,8,4
ORD-10159,2025-01-05,Male,58,Washington,Electronics,477.35,2,954.7,Standard,3,5
ORD-11116,2025-01-05,Female,20,California,Clothing,40.34,2,80.68,Standard,5,5
ORD-11127,2025-01-05,Male,35,Georgia,Beauty,17.92,2,35.84,Express,3,5
ORD-11211,2025-01-05,Male,20,New York,Electronics,389.06,3,1167.18,Same Day,0,4
ORD-11592,2025-01-05,Female,22,Illinois,Beauty,44.91,3,134.73,Same Day,0,5
ORD-11985,2025-01-05,Female,69,Illinois,Beauty,18.66,4,74.64,Express,1,2
ORD-12599,2025-01-05,Male,47,Georgia,Beauty,35.66,2,71.32,Express,2,4
ORD-10470,2025-01-06,Female,21,California,Home & Kitchen,175.24,2,350.48,Express,2,4
ORD-10575,2025-01-06,Male,57,Georgia,Home & Kitchen,104.52,1,104.52,Standard,4,3
ORD-10953,2025-01-06,Male,59,Georgia,Sports,262.32,2,524.64,Standard,8,5
ORD-10983,2025-01-06,Female,23,Texas,Electronics,529.44,4,2117.76,Standard,8,4
ORD-11039,2025-01-06,Male,40,Washington,Sports,139.51,2,279.02,Standard,8,5
ORD-11327,2025-01-06,Female,62,Georgia,Clothing,31.18,2,62.36,Standard,4,3
ORD-11585,2025-01-06,Male,31,Texas,Books,26.09,3,78.27,Express,3,5
ORD-12885,2025-01-06,Male,67,Florida,Clothing,86.71,2,173.42,Standard,8,5
ORD-12943,2025-01-06,Female,63,Illinois,Clothing,26.14,4,104.56,Express,1,3
ORD-10187,2025-01-07,Female,38,California,Clothing,23.05,2,46.1,Same Day,0,4
ORD-12898,2025-01-07,Female,44,Georgia,Clothing,61.66,3,184.98,Express,2,5
ORD-11148,2025-01-08,Female,44,Florida,Clothing,42.17,1,42.17,Standard,6,4
ORD-11690,2025-01-08,Female,22,New York,Sports,290.44,4,1161.76,Standard,7,4
ORD-11925,2025-01-08,Male,20,Texas,Clothing,26.48,4,105.92,Express,3,3
ORD-12323,2025-01-08,Female,57,Illinois,Electronics,500.4,2,1000.8,Express,2,5
ORD-12662,2025-01-08,Male,29,California,Electronics,519.04,3,1557.12,Standard,6,5
ORD-12948,2025-01-08,Male,18,Georgia,Home & Kitchen,98.55,2,197.1,Standard,5,5
ORD-12972,2025-01-08,Male,33,Washington,Electronics,337.39,4,1349.56,Standard,6,4
ORD-10120,2025-01-09,Female,44,Georgia,Sports,115.35,2,230.7,Standard,3,4
ORD-10424,2025-01-09,Male,58,New York,Sports,45.81,3,137.43,Express,2,4
ORD-10557,2025-01-09,Male,49,New York,Electronics,497.47,1,497.47,Same Day,0,5
ORD-10906,2025-01-09,Male,54,Washington,Clothing,87.25,1,87.25,Standard,7,4
ORD-12628,2025-01-09,Male,36,Illinois,Books,30.15,2,60.3,Same Day,0,5
ORD-10196,2025-01-10,Male,27,Florida,Sports,64.09,4,256.36,Standard,7,4
ORD-10923,2025-01-10,Male,33,California,Electronics,277.89,3,833.67,Standard,6,5
ORD-11559,2025-01-10,Female,18,Florida,Beauty,33.73,1,33.73,Standard,4,5
ORD-11631,2025-01-10,Female,53,Texas,Electronics,133.49,4,533.96,Standard,5,4
ORD-11667,2025-01-10,Female,18,Florida,Beauty,39.11,3,117.33,Same Day,0,4
ORD-12984,2025-01-10,Female,52,Florida,Clothing,81.7,4,326.8,Standard,4,4
ORD-10209,2025-01-11,Female,19,New York,Books,14.26,2,28.52,Standard,3,5
ORD-10235,2025-01-11,Female,57,Washington,Home & Kitchen,98.83,4,395.32,Express,1,4
ORD-10691,2025-01-11,Female,60,California,Clothing,23.26,4,93.04,Standard,7,5
ORD-10859,2025-01-11,Female,53,Illinois,Clothing,58.26,4,233.04,Same Day,0,4
ORD-11695,2025-01-11,Female,32,Texas,Clothing,89.09,4,356.36,Standard,7,1
ORD-12795,2025-01-11,Female,68,Washington,Clothing,72.42,3,217.26,Standard,4,5
ORD-10006,2025-01-12,Female,58,California,Clothing,45.69,4,182.76,Standard,7,4
ORD-10352,2025-01-12,Female,33,Illinois,Beauty,25.05,3,75.15,Standard,7,5
ORD-10865,2025-01-12,Male,45,New York,Clothing,84.4,2,168.8,Standard,4,3
ORD-11081,2025-01-12,Female,20,Florida,Home & Kitchen,215.77,4,863.08,Express,2,4
ORD-11762,2025-01-12,Female,58,Washington,Beauty,26.41,2,52.82,Standard,4,4
ORD-12306,2025-01-12,Male,39,California,Beauty,21.33,2,42.66,Same Day,0,5
ORD-12635,2025-01-12,Female,19,California,Clothing,54.93,3,164.79,Standard,7,4
ORD-10308,2025-01-13,Male,57,Washington,Clothing,31.4,1,31.4,Standard,3,5
ORD-11755,2025-01-13,Male,39,Illinois,Home & Kitchen,49.45,3,148.35,Standard,7,4
ORD-12995,2025-01-13,Male,47,Texas,Home & Kitchen,101.54,3,304.62,Standard,3,1
ORD-10185,2025-01-14,Female,66,New York,Sports,132.07,1,132.07,Express,3,5
ORD-10561,2025-01-14,Male,23,New York,Clothing,64.08,4,256.32,Express,3,1
ORD-12495,2025-01-14,Male,41,Washington,Clothing,88.97,3,266.91,Express,1,4
ORD-12527,2025-01-14,Female,43,Ohio,Clothing,46.68,4,186.72,Express,2,5
ORD-12533,2025-01-14,Female,32,Ohio,Beauty,17.43,1,17.43,Standard,5,3
ORD-12876,2025-01-14,Male,28,California,Clothing,23.68,3,71.04,Standard,5,5
ORD-12880,2025-01-14,Male,33,Florida,Clothing,73.16,4,292.64,Standard,7,5
ORD-10114,2025-01-15,Female,47,Florida,Clothing,29.35,2,58.7,Express,3,5
ORD-10648,2025-01-15,Female,43,Washington,Electronics,217.31,1,217.31,Express,1,3
ORD-10791,2025-01-15,Male,66,Florida,Beauty,37.6,4,150.4,Same Day,0,2
ORD-10877,2025-01-15,Female,63,Florida,Clothing,88.88,4,355.52,Standard,8,4
ORD-10886,2025-01-15,Female,61,Illinois,Home & Kitchen,216.0,4,864.0,Same Day,0,4
ORD-12084,2025-01-15,Female,18,Texas,Home & Kitchen,121.83,1,121.83,Standard,3,4
ORD-12096,2025-01-15,Female,53,Florida,Clothing,51.34,4,205.36,Standard,5,4
ORD-12209,2025-01-15,Female,62,Texas,Electronics,494.6,2,989.2,Standard,4,5
ORD-12627,2025-01-15,Male,62,Texas,Home & Kitchen,231.91,4,927.64,Same Day,0,4
ORD-12672,2025-01-15,Female,41,Texas,Clothing,28.69,4,114.76,Express,1,5
ORD-10096,2025-01-16,Male,65,Washington,Sports,120.93,2,241.86,Express,2,5
ORD-10747,2025-01-16,Male,27,Illinois,Beauty,54.96,1,54.96,Express,2,4
ORD-10872,2025-01-16,Female,53,California,Beauty,57.79,3,173.37,Express,2,5
ORD-11240,2025-01-16,Male,49,New York,Books,21.7,3,65.1,Standard,7,5
ORD-11243,2025-01-16,Female,67,Florida,Electronics,333.15,4,1332.6,Express,1,5
ORD-11253,2025-01-16,Male,28,Washington,Electronics,494.43,3,1483.29,Standard,4,4
ORD-12049,2025-01-16,Female,48,Illinois,Books,18.57,3,55.71,Express,3,5
ORD-12124,2025-01-16,Male,36,Ohio,Sports,172.52,2,345.04,Express,3,4
ORD-10023,2025-01-17,Female,39,Washington,Clothing,75.0,4,300.0,Standard,7,4
ORD-11344,2025-01-17,Female,23,Ohio,Electronics,369.72,4,1478.88,Standard,8,4
ORD-11509,2025-01-17,Female,20,California,Clothing,29.26,4,117.04,Standard,4,3
ORD-11759,2025-01-17,Male,18,New York,Electronics,384.07,1,384.07,Standard,8,3
ORD-11835,2025-01-17,Female,31,Florida,Books,34.57,1,34.57,Express,3,4
ORD-12014,2025-01-17,Female,30,New York,Home & Kitchen,94.22,2,188.44,Express,1,5
ORD-12396,2025-01-17,Female,20,Washington,Electronics,417.16,3,1251.48,Same Day,0,4
ORD-12544,2025-01-17,Male,33,Ohio,Electronics,491.54,2,983.08,Express,3,5
ORD-12936,2025-01-17,Female,45,Georgia,Home & Kitchen,28.15,2,56.3,Express,3,4
ORD-10037,2025-01-18,Male,36,California,Electronics,194.58,3,583.74,Standard,6,4
ORD-12099,2025-01-18,Male,30,Texas,Clothing,70.38,1,70.38,Standard,6,5
ORD-12271,2025-01-18,Male,53,Washington,Clothing,70.21,3,210.63,Same Day,0,5
ORD-11520,2025-01-19,Female,41,Georgia,Electronics,182.84,4,731.36,Standard,4,5
ORD-11683,2025-01-19,Female,51,Washington,Sports,219.82,3,659.46,Express,1,4
ORD-11787,2025-01-19,Female,41,Illinois,Sports,31.16,4,124.64,Express,1,3
ORD-12281,2025-01-19,Female,31,Florida,Home & Kitchen,183.31,1,183.31,Express,2,4
ORD-12614,2025-01-19,Female,33,California,Electronics,551.95,2,1103.9,Standard,7,1
ORD-12748,2025-01-19,Male,32,New York,Beauty,27.33,2,54.66,Express,3,4
ORD-10186,2025-01-20,Male,40,Illinois,Clothing,60.62,2,121.24,Express,3,4
ORD-11606,2025-01-20,Female,58,Ohio,Clothing,20.89,2,41.78,Standard,5,3
ORD-11869,2025-01-20,Female,18,Georgia,Home & Kitchen,21.75,4,87.0,Standard,6,4
ORD-10596,2025-01-21,Male,21,California,Clothing,32.22,4,128.88,Same Day,0,4
ORD-10614,2025-01-21,Female,65,Ohio,Home & Kitchen,75.08,2,150.16,Standard,6,1
ORD-10680,2025-01-21,Female,36,New York,Electronics,121.83,3,365.49,Same Day,0,4
ORD-12471,2025-01-21,Female,66,Georgia,Books,27.31,3,81.93,Standard,3,5
ORD-12508,2025-01-21,Female,33,Florida,Home & Kitchen,104.29,2,208.58,Standard,4,4
ORD-12914,2025-01-21,Male,27,Washington,Clothing,84.09,3,252.27,Express,3,3
ORD-10032,2025-01-22,Female,69,Washington,Clothing,89.31,2,178.62,Standard,4,4
ORD-10192,2025-01-22,Female,64,California,Home & Kitchen,191.17,3,573.51,Standard,6,4
ORD-10964,2025-01-22,Male,27,Texas,Electronics,318.78,2,637.56,Standard,6,4
ORD-11306,2025-01-22,Female,49,Florida,Clothing,38.77,1,38.77,Standard,3,3
ORD-11387,2025-01-22,Female,31,Texas,Beauty,48.64,3,145.92,Express,1,5
ORD-11664,2025-01-22,Male,25,Texas,Clothing,86.34,1,86.34,Standard,5,5
ORD-11860,2025-01-22,Male,51,Georgia,Clothing,79.27,4,317.08,Standard,6,5
ORD-12352,2025-01-22,Female,30,Washington,Beauty,34.16,3,102.48,Standard,6,4
ORD-12803,2025-01-22,Female,22,New York,Clothing,53.43,3,160.29,Standard,3,4
ORD-10339,2025-01-23,Female,25,Ohio,Sports,120.16,3,360.48,Standard,6,4
ORD-10884,2025-01-23,Male,36,Georgia,Clothing,59.74,1,59.74,Same Day,0,5
ORD-11235,2025-01-23,Female,54,Washington,Clothing,65.6,1,65.6,Standard,8,5
ORD-12052,2025-01-23,Male,38,Texas,Electronics,524.15,1,524.15,Same Day,0,4
ORD-12233,2025-01-23,Male,42,California,Beauty,56.77,2,113.54,Same Day,0,4
ORD-12358,2025-01-23,Female,54,California,Beauty,46.18,4,184.72,Standard,4,4
ORD-12649,2025-01-23,Male,38,Florida,Sports,142.15,3,426.45,Standard,4,5
ORD-12789,2025-01-23,Male,64,California,Beauty,17.49,1,17.49,Standard,5,4
ORD-10024,2025-01-24,Male,29,California,Sports,296.89,4,1187.56,Standard,4,5
ORD-10090,2025-01-24,Female,41,Florida,Sports,167.08,4,668.32,Standard,5,4
ORD-10959,2025-01-24,Female,28,Ohio,Sports,210.84,3,632.52,Standard,4,4
ORD-11207,2025-01-24,Female,29,Ohio,Home & Kitchen,150.66,2,301.32,Standard,6,1
ORD-11672,2025-01-24,Male,54,California,Home & Kitchen,215.7,2,431.4,Same Day,0,5
ORD-11990,2025-01-24,Male,29,Florida,Home & Kitchen,241.17,2,482.34,Standard,7,5
ORD-12467,2025-01-24,Female,55,New York,Sports,85.52,2,171.04,Standard,6,5
ORD-12749,2025-01-24,Female,53,Ohio,Books,11.14,4,44.56,Express,3,5
ORD-10435,2025-01-25,Female,66,California,Clothing,29.67,2,59.34,Same Day,0,5
ORD-10629,2025-01-25,Male,38,Texas,Beauty,23.79,3,71.37,Standard,8,5
ORD-11265,2025-01-25,Male,64,Washington,Home & Kitchen,41.34,3,124.02,Standard,3,4
ORD-12236,2025-01-25,Female,42,Washington,Beauty,27.68,3,83.04,Standard,4,5
ORD-12341,2025-01-25,Male,27,Washington,Electronics,334.16,3,1002.48,Standard,4,4
ORD-12642,2025-01-25,Male,19,Texas,Clothing,17.8,2,35.6,Express,1,4
ORD-12757,2025-01-25,Female,32,Texas,Beauty,13.19,4,52.76,Express,1,5
ORD-11036,2025-01-26,Female,27,New York,Beauty,30.46,2,60.92,Standard,3,5
ORD-12730,2025-01-26,Male,25,Florida,Beauty,41.3,3,123.9,Standard,4,5
ORD-10512,2025-01-27,Male,64,Washington,Home & Kitchen,61.32,3,183.96,Standard,3,4
ORD-11548,2025-01-27,Female,62,Texas,Sports,261.7,4,1046.8,Express,1,2
ORD-10584,2025-01-28,Female,30,New York,Home & Kitchen,56.27,4,225.08,Standard,7,4
ORD-10756,2025-01-28,Female,69,New York,Sports,90.59,1,90.59,Express,3,5
ORD-10763,2025-01-28,Male,28,Washington,Electronics,388.79,4,1555.16,Standard,5,4
ORD-10866,2025-01-28,Male,44,California,Clothing,57.83,1,57.83,Standard,3,4
ORD-10935,2025-01-28,Female,38,Ohio,Clothing,24.27,1,24.27,Express,1,3
ORD-10962,2025-01-28,Male,67,Washington,Sports,28.46,2,56.92,Standard,8,4
ORD-11086,2025-01-28,Male,47,Ohio,Clothing,69.18,1,69.18,Standard,8,4
ORD-10225,2025-02-01,Male,36,Florida,Books,31.09,2,62.18,Standard,8,4
ORD-10849,2025-02-01,Male,48,Texas,Electronics,472.21,3,1416.63,Express,1,1
ORD-11757,2025-02-01,Male,35,New York,Beauty,55.76,1,55.76,Standard,6,5
ORD-11831,2025-02-01,Male,36,Georgia,Clothing,42.45,2,84.9,Express,2,5
ORD-11857,2025-02-01,Female,50,California,Clothing,25.75,3,77.25,Standard,4,5
ORD-12807,2025-02-01,Male,56,California,Beauty,8.76,1,8.76,Standard,8,4
ORD-10256,2025-02-02,Female,40,Ohio,Clothing,75.67,4,302.68,Standard,8,3
ORD-10260,2025-02-02,Female,63,New York,Beauty,27.83,4,111.32,Standard,4,3
ORD-10431,2025-02-02,Male,59,Ohio,Books,39.0,3,117.0,Standard,4,3
ORD-10676,2025-02-02,Male,23,Texas,Books,16.44,2,32.88,Express,2,5
ORD-10934,2025-02-02,Male,26,California,Electronics,152.53,4,610.12,Standard,3,3
ORD-11322,2025-02-02,Male,25,New York,Electronics,577.07,2,1154.14,Express,1,5
ORD-11431,2025-02-02,Female,39,Ohio,Home & Kitchen,128.46,4,513.84,Standard,4,5
ORD-11453,2025-02-02,Female,30,California,Sports,184.33,1,184.33,Standard,4,4
ORD-11652,2025-02-02,Female,38,Florida,Books,26.48,4,105.92,Express,1,3
ORD-11821,2025-02-02,Female,69,California,Electronics,464.47,3,1393.41,Standard,6,4
ORD-12261,2025-02-02,Male,45,Washington,Home & Kitchen,148.31,4,593.24,Same Day,0,5
ORD-12287,2025-02-02,Male,43,New York,Electronics,130.93,3,392.79,Express,2,4
ORD-12705,2025-02-02,Female,44,Illinois,Clothing,65.74,2,131.48,Standard,8,5
ORD-12727,2025-02-02,Male,30,Washington,Sports,230.79,1,230.79,Express,1,4
ORD-10282,2025-02-03,Male,67,California,Electronics,262.95,4,1051.8,Express,2,2
ORD-10720,2025-02-03,Female,59,Washington,Electronics,388.71,3,1166.13,Standard,8,5
ORD-10733,2025-02-03,Male,64,New York,Beauty,22.48,3,67.44,Standard,6,1
ORD-12691,2025-02-03,Female,46,Florida,Beauty,59.86,2,119.72,Express,1,5
ORD-12751,2025-02-03,Female,30,California,Home & Kitchen,198.3,2,396.6,Express,1,5
ORD-10788,2025-02-04,Female,26,Florida,Home & Kitchen,232.6,3,697.8,Standard,5,3
ORD-11106,2025-02-04,Female,30,Florida,Clothing,25.02,4,100.08,Standard,6,2
ORD-11198,2025-02-04,Male,33,Texas,Home & Kitchen,198.13,3,594.39,Same Day,0,5
ORD-10067,2025-02-05,Female,25,California,Clothing,16.57,3,49.71,Express,2,3
ORD-10326,2025-02-05,Female,40,Washington,Clothing,55.07,2,110.14,Standard,4,1
ORD-11057,2025-02-05,Male,68,Florida,Home & Kitchen,144.56,4,578.24,Standard,6,5
ORD-11539,2025-02-05,Female,48,Georgia,Clothing,23.82,1,23.82,Standard,6,5
ORD-12430,2025-02-05,Male,50,Ohio,Electronics,547.12,2,1094.24,Standard,4,3
ORD-10684,2025-02-06,Male,68,California,Electronics,547.82,1,547.82,Express,2,4
ORD-11967,2025-02-06,Male,63,California,Beauty,43.47,2,86.94,Standard,5,5
ORD-12989,2025-02-06,Female,20,Washington,Beauty,58.49,2,116.98,Standard,4,5
ORD-10694,2025-02-07,Female,64,New York,Home & Kitchen,139.69,3,419.07,Same Day,0,2
ORD-11541,2025-02-07,Female,34,Ohio,Sports,105.78,2,211.56,Standard,6,1
ORD-11748,2025-02-07,Female,60,Illinois,Clothing,36.86,2,73.72,Standard,8,5
ORD-11764,2025-02-07,Female,64,Washington,Clothing,25.11,1,25.11,Standard,4,5
ORD-12062,2025-02-07,Male,21,Georgia,Electronics,506.71,1,506.71,Express,2,5
ORD-12340,2025-02-07,Female,66,California,Electronics,190.06,4,760.24,Standard,5,5
ORD-12482,2025-02-07,Male,38,New York,Electronics,560.27,2,1120.54,Express,1,2
ORD-10371,2025-02-08,Female,36,New York,Beauty,54.39,4,217.56,Express,3,5
ORD-10404,2025-02-08,Female,47,New York,Clothing,37.97,4,151.88,Standard,7,3
ORD-10835,2025-02-08,Female,52,California,Books,39.13,3,117.39,Standard,5,4
ORD-10899,2025-02-08,Male,20,Washington,Electronics,369.98,1,369.98,Standard,4,4
ORD-11144,2025-02-08,Female,40,Texas,Beauty,53.59,4,214.36,Standard,8,4
ORD-11480,2025-02-08,Female,49,New York,Clothing,21.04,1,21.04,Standard,6,1
ORD-11525,2025-02-08,Female,20,Georgia,Beauty,52.87,1,52.87,Same Day,0,1
ORD-12283,2025-02-08,Female,43,Texas,Electronics,144.32,1,144.32,Express,3,4
ORD-12289,2025-02-08,Female,33,Texas,Clothing,51.85,2,103.7,Express,1,4
ORD-12528,2025-02-08,Female,25,Texas,Sports,133.86,2,267.72,Express,1,5
ORD-12661,2025-02-08,Female,65,Washington,Home & Kitchen,179.7,2,359.4,Standard,6,1
ORD-12697,2025-02-08,Male,25,Ohio,Beauty,51.4,1,51.4,Standard,7,5
ORD-10212,2025-02-09,Male,41,Illinois,Clothing,89.03,1,89.03,Express,1,1
ORD-10632,2025-02-09,Male,30,Ohio,Electronics,230.85,2,461.7,Standard,3,5
ORD-11190,2025-02-09,Female,69,Florida,Sports,233.39,1,233.39,Express,1,1
ORD-11352,2025-02-09,Female,58,Texas,Sports,195.82,1,195.82,Standard,5,5
ORD-11399,2025-02-09,Male,51,Illinois,Beauty,45.94,1,45.94,Standard,4,5
ORD-11897,2025-02-09,Female,41,New York,Clothing,57.43,1,57.43,Standard,5,5
ORD-12175,2025-02-09,Female,60,Florida,Beauty,49.02,2,98.04,Standard,4,3
ORD-12256,2025-02-09,Female,58,Texas,Sports,142.67,2,285.34,Express,1,4
ORD-12976,2025-02-09,Male,31,California,Sports,215.51,4,862.04,Express,2,5
ORD-10174,2025-02-10,Male,30,New York,Home & Kitchen,21.08,3,63.24,Express,2,5
ORD-10659,2025-02-10,Female,32,Washington,Beauty,21.4,2,42.8,Express,1,5
ORD-11999,2025-02-10,Male,36,Florida,Clothing,76.62,1,76.62,Standard,4,5
ORD-12009,2025-02-10,Female,68,Texas,Beauty,18.95,4,75.8,Same Day,0,5
ORD-10787,2025-02-11,Male,46,California,Sports,74.94,3,224.82,Express,3,5
ORD-11452,2025-02-11,Male,42,Florida,Electronics,550.51,4,2202.04,Same Day,0,5
ORD-12074,2025-02-11,Female,66,Georgia,Beauty,10.15,1,10.15,Standard,8,4
ORD-12094,2025-02-11,Female,56,Texas,Home & Kitchen,41.68,1,41.68,Express,3,5
ORD-10276,2025-02-12,Female,60,Illinois,Beauty,29.48,1,29.48,Standard,5,4
ORD-10422,2025-02-12,Male,26,Texas,Clothing,60.04,4,240.16,Standard,8,5
ORD-11502,2025-02-12,Female,26,Texas,Beauty,20.41,4,81.64,Standard,6,5
ORD-12258,2025-02-12,Female,61,Washington,Home & Kitchen,131.87,2,263.74,Standard,4,4
ORD-12276,2025-02-12,Male,26,Washington,Home & Kitchen,105.81,2,211.62,Standard,6,1
ORD-12747,2025-02-12,Male,32,Georgia,Clothing,25.75,4,103.0,Express,2,4
ORD-12930,2025-02-12,Female,52,Texas,Electronics,566.02,3,1698.06,Standard,3,5
ORD-10146,2025-02-13,Female,45,Georgia,Electronics,468.47,3,1405.41,Standard,6,4
ORD-10163,2025-02-13,Female,26,California,Home & Kitchen,203.15,3,609.45,Standard,3,5
ORD-12110,2025-02-13,Female,44,California,Home & Kitchen,92.7,4,370.8,Standard,5,1
ORD-12265,2025-02-13,Female,66,California,Home & Kitchen,142.75,2,285.5,Standard,8,4
ORD-12301,2025-02-13,Female,40,Florida,Home & Kitchen,66.16,4,264.64,Standard,7,4
ORD-12548,2025-02-13,Female,60,Ohio,Home & Kitchen,216.68,1,216.68,Same Day,0,4
ORD-12850,2025-02-13,Male,52,Texas,Sports,180.66,3,541.98,Standard,7,4
ORD-12965,2025-02-13,Female,50,Georgia,Beauty,19.13,3,57.39,Standard,8,1
ORD-10244,2025-02-14,Male,34,Texas,Books,24.88,1,24.88,Standard,5,5
ORD-10582,2025-02-14,Male,36,Washington,Beauty,21.82,1,21.82,Express,3,4
ORD-10794,2025-02-14,Female,24,Texas,Sports,117.52,2,235.04,Express,2,5
ORD-11529,2025-02-14,Male,51,California,Electronics,134.76,1,134.76,Express,3,5
ORD-12125,2025-02-14,Male,21,Illinois,Electronics,447.76,1,447.76,Express,2,1
ORD-12690,2025-02-14,Male,37,Florida,Electronics,358.76,2,717.52,Standard,8,5
ORD-10265,2025-02-15,Male,35,Georgia,Clothing,55.03,3,165.09,Express,3,5
ORD-11348,2025-02-15,Female,64,California,Beauty,15.21,2,30.42,Express,1,5
ORD-11549,2025-02-15,Male,62,California,Beauty,36.98,3,110.94,Standard,6,5
ORD-11746,2025-02-15,Male,50,Ohio,Books,35.04,2,70.08,Standard,5,4
ORD-12951,2025-02-15,Female,63,Florida,Books,32.9,3,98.7,Express,1,5
ORD-10671,2025-02-16,Male,50,Texas,Clothing,62.86,3,188.58,Standard,5,5
ORD-11262,2025-02-16,Female,53,Texas,Sports,236.73,4,946.92,Standard,3,3
ORD-12075,2025-02-16,Female,55,Ohio,Home & Kitchen,233.91,3,701.73,Standard,7,5
ORD-12370,2025-02-16,Female,58,Illinois,Clothing,24.37,3,73.11,Express,1,5
ORD-12906,2025-02-16,Male,43,Florida,Books,39.11,1,39.11,Standard,4,4
ORD-10495,2025-02-17,Male,66,Washington,Sports,46.66,4,186.64,Express,3,3
ORD-11170,2025-02-17,Female,61,Texas,Books,33.76,3,101.28,Express,2,5
ORD-11312,2025-02-17,Male,63,Georgia,Home & Kitchen,55.89,4,223.56,Standard,3,4
ORD-11588,2025-02-17,Female,33,California,Beauty,31.32,3,93.96,Express,1,4
ORD-11918,2025-02-17,Male,45,Illinois,Home & Kitchen,127.57,4,510.28,Same Day,0,4
ORD-12320,2025-02-17,Male,34,Texas,Clothing,86.42,2,172.84,Express,3,3
ORD-12696,2025-02-17,Female,34,Florida,Beauty,26.24,3,78.72,Standard,5,4
ORD-12790,2025-02-17,Male,64,Georgia,Electronics,287.94,3,863.82,Express,1,5
ORD-10603,2025-02-18,Male,41,Illinois,Books,12.15,4,48.6,Same Day,0,5
ORD-10882,2025-02-18,Male,18,Florida,Clothing,45.64,4,182.56,Standard,7,4
ORD-10991,2025-02-18,Male,19,California,Electronics,174.03,3,522.09,Express,1,4
ORD-11219,2025-02-18,Female,37,California,Home & Kitchen,220.56,3,661.68,Express,3,4
ORD-11738,2025-02-18,Male,61,New York,Electronics,233.76,1,233.76,Standard,4,3
ORD-11796,2025-02-18,Male,61,California,Books,18.77,2,37.54,Standard,3,5
ORD-12053,2025-02-18,Female,42,California,Beauty,53.68,3,161.04,Standard,3,5
ORD-12814,2025-02-18,Female,47,New York,Sports,156.01,4,624.04,Express,3,5
ORD-10516,2025-02-19,Male,18,Georgia,Home & Kitchen,233.76,2,467.52,Standard,5,1
ORD-11723,2025-02-19,Male,33,Texas,Sports,86.96,2,173.92,Standard,6,1
ORD-12203,2025-02-19,Male,49,Florida,Clothing,85.6,1,85.6,Standard,8,5
ORD-12277,2025-02-19,Female,45,New York,Sports,76.79,4,307.16,Express,2,5
ORD-12591,2025-02-19,Female,50,Illinois,Home & Kitchen,69.94,1,69.94,Express,2,4
ORD-10871,2025-02-20,Male,29,Texas,Books,39.5,4,158.0,Express,3,2
ORD-10988,2025-02-20,Male,21,Florida,Electronics,445.44,3,1336.32,Standard,7,4
ORD-12131,2025-02-20,Female,43,Washington,Clothing,67.21,2,134.42,Standard,5,4
ORD-12176,2025-02-20,Male,58,Georgia,Clothing,23.52,4,94.08,Express,3,4
ORD-12915,2025-02-20,Male,20,California,Sports,234.34,3,703.02,Standard,7,5
ORD-10889,2025-02-21,Female,48,New York,Beauty,39.0,2,78.0,Same Day,0,3
ORD-12308,2025-02-21,Male,35,Washington,Sports,203.38,4,813.52,Standard,5,5
ORD-10179,2025-02-22,Female,42,Washington,Clothing,30.58,1,30.58,Standard,3,5
ORD-10439,2025-02-22,Female,25,Florida,Sports,205.78,3,617.34,Same Day,0,4
ORD-10663,2025-02-22,Female,39,Florida,Clothing,51.18,1,51.18,Standard,7,3
ORD-11483,2025-02-22,Female,68,New York,Home & Kitchen,121.75,3,365.25,Standard,8,4
ORD-11882,2025-02-22,Male,37,California,Books,30.08,3,90.24,Standard,8,5
ORD-12783,2025-02-22,Female,27,California,Books,31.1,2,62.2,Standard,8,4
ORD-11496,2025-02-23,Female,27,Illinois,Home & Kitchen,207.8,2,415.6,Express,2,5
ORD-12598,2025-02-23,Male,19,Washington,Books,15.39,1,15.39,Standard,7,5
ORD-12608,2025-02-23,Male,45,New York,Beauty,32.65,4,130.6,Standard,7,5
ORD-11084,2025-02-24,Male,49,Washington,Electronics,256.34,3,769.02,Standard,7,4
ORD-11121,2025-02-24,Female,38,Florida,Clothing,41.23,3,123.69,Express,1,3
ORD-11778,2025-02-24,Female,63,Ohio,Sports,34.91,1,34.91,Express,3,4
ORD-11172,2025-02-25,Male,58,Texas,Clothing,29.92,2,59.84,Standard,5,4
ORD-11200,2025-02-25,Male,40,New York,Clothing,34.22,1,34.22,Express,2,5
ORD-12222,2025-02-25,Male,48,Washington,Beauty,43.88,2,87.76,Express,1,4
ORD-12830,2025-02-25,Male,24,Illinois,Electronics,275.55,4,1102.2,Standard,4,4
ORD-12892,2025-02-25,Male,18,New York,Beauty,47.27,3,141.81,Standard,8,3
ORD-10723,2025-02-26,Female,23,Texas,Home & Kitchen,62.39,4,249.56,Same Day,0,2
ORD-10868,2025-02-26,Male,56,Illinois,Home & Kitchen,71.07,2,142.14,Standard,4,4
ORD-11033,2025-02-26,Female,19,California,Sports,194.54,2,389.08,Express,1,2
ORD-11428,2025-02-26,Male,57,Illinois,Beauty,11.21,2,22.42,Express,2,2
ORD-11467,2025-02-26,Male,38,New York,Electronics,169.24,4,676.96,Standard,8,5
ORD-12794,2025-02-26,Female,50,Texas,Clothing,44.99,3,134.97,Standard,4,4
ORD-10046,2025-02-27,Male,33,Ohio,Clothing,52.48,2,104.96,Standard,3,5
ORD-11042,2025-02-27,Male,65,New York,Clothing,21.6,2,43.2,Standard,4,5
ORD-11046,2025-02-27,Female,54,Florida,Sports,168.47,3,505.41,Standard,6,4
ORD-11708,2025-02-27,Female,48,Washington,Electronics,133.74,2,267.48,Express,1,4
ORD-11905,2025-02-27,Female,18,New York,Books,31.12,4,124.48,Standard,6,5
ORD-12026,2025-02-27,Male,52,Ohio,Home & Kitchen,165.6,4,662.4,Same Day,0,5
ORD-12828,2025-02-27,Male,30,California,Sports,38.67,1,38.67,Standard,4,1
ORD-10337,2025-02-28,Female,57,Texas,Clothing,81.25,4,325.0,Standard,4,4
ORD-10383,2025-02-28,Male,39,California,Clothing,35.71,2,71.42,Express,1,5
ORD-10531,2025-02-28,Female,47,Ohio,Clothing,35.33,4,141.32,Standard,6,5
ORD-10894,2025-02-28,Male,54,Georgia,Sports,48.08,1,48.08,Same Day,0,5
ORD-10908,2025-02-28,Male,69,Illinois,Electronics,361.86,4,1447.44,Same Day,0,4
ORD-11241,2025-02-28,Female,49,Texas,Books,11.05,4,44.2,Standard,3,5
ORD-12858,2025-02-28,Male,35,Florida,Home & Kitchen,201.32,1,201.32,Standard,3,5
ORD-10553,2025-03-01,Female,21,Florida,Sports,139.64,4,558.56,Express,1,5
ORD-11521,2025-03-01,Female,19,California,Clothing,87.21,4,348.84,Standard,5,4
ORD-12137,2025-03-01,Male,69,California,Beauty,9.63,3,28.89,Express,1,5
ORD-12836,2025-03-01,Female,39,New York,Home & Kitchen,224.45,2,448.9,Standard,7,5
ORD-10779,2025-03-02,Male,68,California,Electronics,239.87,1,239.87,Standard,7,5
ORD-12161,2025-03-02,Female,66,California,Clothing,33.58,3,100.74,Standard,4,5
ORD-10128,2025-03-03,Male,23,Florida,Clothing,30.31,1,30.31,Standard,7,3
ORD-10554,2025-03-03,Male,51,Florida,Clothing,45.84,2,91.68,Express,3,5
ORD-10758,2025-03-03,Male,62,Illinois,Books,20.23,3,60.69,Standard,8,3
ORD-11629,2025-03-03,Male,63,Ohio,Clothing,30.67,2,61.34,Same Day,0,4
ORD-12445,2025-03-03,Female,35,New York,Electronics,497.65,3,1492.95,Express,3,5
ORD-12464,2025-03-03,Female,57,Illinois,Books,25.99,3,77.97,Standard,8,5
ORD-10079,2025-03-04,Female,53,Texas,Home & Kitchen,103.89,3,311.67,Standard,4,5
ORD-10246,2025-03-04,Female,27,New York,Sports,112.28,1,112.28,Express,2,3
ORD-10369,2025-03-04,Female,57,Illinois,Electronics,349.47,2,698.94,Standard,5,5
ORD-11281,2025-03-04,Male,55,Georgia,Home & Kitchen,41.8,3,125.4,Express,3,5
ORD-12071,2025-03-04,Male,47,Florida,Books,31.71,1,31.71,Standard,3,2
ORD-12557,2025-03-04,Female,35,Florida,Clothing,86.74,1,86.74,Express,2,1
ORD-12629,2025-03-04,Female,46,Texas,Home & Kitchen,221.05,2,442.1,Express,1,5
ORD-12692,2025-03-04,Female,53,California,Electronics,382.07,1,382.07,Standard,7,5
ORD-10402,2025-03-05,Male,46,Texas,Beauty,37.75,2,75.5,Standard,5,4
ORD-11635,2025-03-05,Female,42,Florida,Books,6.01,3,18.03,Express,3,5
ORD-12023,2025-03-05,Male,59,New York,Beauty,52.74,4,210.96,Express,2,5
ORD-12576,2025-03-05,Female,56,New York,Beauty,21.47,1,21.47,Standard,5,5
ORD-10604,2025-03-06,Male,33,Texas,Electronics,561.61,1,561.61,Express,1,4
ORD-10627,2025-03-06,Female,19,Florida,Electronics,211.01,2,422.02,Same Day,0,4
ORD-10672,2025-03-06,Female,41,California,Clothing,88.29,1,88.29,Express,2,3
ORD-11179,2025-03-06,Male,53,Texas,Beauty,49.85,1,49.85,Standard,5,5
ORD-10325,2025-03-07,Male,19,Washington,Sports,65.2,4,260.8,Standard,5,4
ORD-10351,2025-03-07,Female,21,New York,Home & Kitchen,109.98,1,109.98,Standard,5,4
ORD-10355,2025-03-07,Female,19,California,Electronics,263.89,1,263.89,Standard,4,1
ORD-10734,2025-03-07,Female,27,New York,Home & Kitchen,156.23,4,624.92,Express,3,3
ORD-11110,2025-03-07,Male,42,California,Home & Kitchen,127.75,4,511.0,Standard,3,2
ORD-11962,2025-03-07,Female,61,Ohio,Home & Kitchen,176.21,3,528.63,Standard,3,5
ORD-12934,2025-03-07,Female,27,Illinois,Electronics,229.46,4,917.84,Standard,4,3
ORD-10194,2025-03-08,Female,65,Florida,Clothing,16.77,4,67.08,Express,3,4
ORD-10290,2025-03-08,Female,64,California,Beauty,12.69,2,25.38,Express,1,5
ORD-10329,2025-03-08,Male,55,Texas,Electronics,326.3,4,1305.2,Standard,5,3
ORD-10536,2025-03-08,Female,24,Florida,Sports,45.1,1,45.1,Standard,3,5
ORD-11067,2025-03-08,Male,59,New York,Books,25.47,1,25.47,Standard,3,4
ORD-11107,2025-03-08,Female,35,New York,Electronics,506.78,2,1013.56,Standard,4,3
ORD-12111,2025-03-08,Male,38,Washington,Electronics,373.36,4,1493.44,Standard,7,4
ORD-12327,2025-03-08,Male,21,Ohio,Sports,211.24,3,633.72,Express,2,5
ORD-12366,2025-03-08,Male,43,California,Beauty,15.35,2,30.7,Same Day,0,5
ORD-10112,2025-03-09,Female,54,California,Books,36.93,4,147.72,Standard,3,4
ORD-10571,2025-03-09,Male,28,Florida,Sports,26.01,2,52.02,Express,1,4
ORD-11014,2025-03-09,Female,65,California,Electronics,187.55,4,750.2,Standard,8,5
ORD-11294,2025-03-09,Female,30,Georgia,Electronics,599.4,4,2397.6,Standard,6,5
ORD-11446,2025-03-09,Male,43,New York,Electronics,131.37,2,262.74,Express,3,4
ORD-11354,2025-03-10,Male,43,Florida,Clothing,35.44,3,106.32,Same Day,0,4
ORD-12330,2025-03-10,Female,65,Illinois,Beauty,45.33,4,181.32,Same Day,0,4
ORD-12974,2025-03-10,Male,58,Ohio,Beauty,11.12,4,44.48,Standard,6,5
ORD-10749,2025-03-11,Female,57,Florida,Books,7.3,4,29.2,Express,1,2
ORD-10753,2025-03-11,Female,69,Georgia,Electronics,268.1,1,268.1,Standard,3,4
ORD-10909,2025-03-11,Male,42,New York,Electronics,509.73,1,509.73,Same Day,0,5
ORD-11050,2025-03-11,Female,51,New York,Electronics,274.94,1,274.94,Standard,6,4
ORD-11176,2025-03-11,Female,42,Georgia,Sports,49.02,3,147.06,Standard,3,5
ORD-11255,2025-03-11,Female,48,Texas,Electronics,199.96,4,799.84,Standard,7,5
ORD-11460,2025-03-11,Female,59,Georgia,Beauty,9.22,4,36.88,Express,3,4
ORD-11863,2025-03-11,Male,59,Washington,Home & Kitchen,209.47,4,837.88,Express,3,5
ORD-11965,2025-03-11,Male,67,Washington,Electronics,220.32,2,440.64,Same Day,0,3
ORD-12195,2025-03-11,Female,28,Ohio,Electronics,158.57,2,317.14,Standard,3,4
ORD-12435,2025-03-11,Female,20,California,Clothing,30.51,4,122.04,Express,3,5
ORD-12570,2025-03-11,Female,21,Washington,Electronics,556.2,2,1112.4,Express,2,4
ORD-10559,2025-03-12,Male,44,New York,Clothing,56.11,2,112.22,Standard,6,5
ORD-10625,2025-03-12,Male,68,Georgia,Electronics,467.53,3,1402.59,Express,3,4
ORD-11702,2025-03-12,Female,62,New York,Beauty,47.42,1,47.42,Standard,6,5
ORD-10662,2025-03-13,Male,25,California,Electronics,355.95,2,711.9,Same Day,0,3
ORD-10890,2025-03-13,Female,36,Illinois,Electronics,499.27,2,998.54,Express,3,4
ORD-11998,2025-03-13,Female,29,Florida,Electronics,454.41,1,454.41,Standard,7,3
ORD-10318,2025-03-14,Female,66,New York,Sports,166.86,4,667.44,Same Day,0,5
ORD-10563,2025-03-14,Female,45,Illinois,Home & Kitchen,53.1,3,159.3,Express,2,5
ORD-11232,2025-03-14,Female,53,Texas,Electronics,332.31,3,996.93,Standard,5,4
ORD-11718,2025-03-14,Male,66,Georgia,Sports,61.67,4,246.68,Standard,6,2
ORD-11799,2025-03-14,Male,43,Texas,Sports,182.3,3,546.9,Same Day,0,3
ORD-12744,2025-03-14,Female,44,Georgia,Electronics,215.28,3,645.84,Standard,5,5
ORD-10055,2025-03-15,Female,22,Ohio,Home & Kitchen,228.3,2,456.6,Express,2,3
ORD-11040,2025-03-15,Male,69,Washington,Beauty,42.08,2,84.16,Standard,5,4
ORD-11164,2025-03-15,Male,53,Texas,Beauty,57.36,4,229.44,Express,2,1
ORD-11356,2025-03-15,Male,23,Ohio,Electronics,304.94,3,914.82,Standard,4,4
ORD-11807,2025-03-15,Male,39,Texas,Sports,286.28,1,286.28,Express,2,3
ORD-11945,2025-03-15,Male,41,Washington,Sports,57.69,3,173.07,Standard,8,5
ORD-12168,2025-03-15,Female,40,Georgia,Clothing,78.22,4,312.88,Standard,7,5
ORD-10264,2025-03-16,Female,63,California,Electronics,401.45,4,1605.8,Standard,7,5
ORD-10820,2025-03-16,Male,22,Florida,Home & Kitchen,139.65,3,418.95,Express,3,5
ORD-10945,2025-03-16,Female,40,Georgia,Beauty,13.74,4,54.96,Express,3,4
ORD-11462,2025-03-16,Female,52,Georgia,Books,30.1,4,120.4,Standard,7,4
ORD-11987,2025-03-16,Female,22,Georgia,Sports,261.99,2,523.98,Express,1,5
ORD-12063,2025-03-16,Male,64,Georgia,Clothing,65.72,1,65.72,Express,1,4
ORD-12375,2025-03-16,Male,43,Florida,Books,31.66,2,63.32,Standard,3,5
ORD-12688,2025-03-16,Male,48,California,Books,11.14,3,33.42,Standard,7,4
ORD-10021,2025-03-17,Female,57,Georgia,Clothing,31.53,4,126.12,Standard,6,4
ORD-10754,2025-03-17,Female,46,New York,Books,29.0,3,87.0,Standard,6,3
ORD-11574,2025-03-17,Female,23,California,Home & Kitchen,119.79,2,239.58,Standard,3,3
ORD-11698,2025-03-17,Female,21,California,Clothing,23.29,2,46.58,Express,2,4
ORD-11951,2025-03-17,Female,68,Illinois,Clothing,17.03,3,51.09,Express,3,4
ORD-12338,2025-03-17,Female,18,Illinois,Clothing,39.8,2,79.6,Standard,6,5
ORD-10743,2025-03-18,Female,35,Florida,Sports,168.24,3,504.72,Standard,8,5
ORD-10775,2025-03-18,Female,65,California,Clothing,44.0,2,88.0,Standard,4,4
ORD-11186,2025-03-18,Female,53,Florida,Sports,245.06,4,980.24,Standard,8,5
ORD-11221,2025-03-18,Female,28,Georgia,Electronics,285.49,2,570.98,Express,1,5
ORD-12432,2025-03-18,Male,48,California,Home & Kitchen,96.22,3,288.66,Express,2,4
ORD-12461,2025-03-18,Female,31,Washington,Electronics,219.49,2,438.98,Standard,7,4
ORD-12957,2025-03-18,Female,57,New York,Books,18.9,1,18.9,Standard,6,4
ORD-10099,2025-03-19,Male,29,New York,Home & Kitchen,48.03,4,192.12,Express,2,5
ORD-10970,2025-03-19,Male,27,New York,Electronics,154.26,3,462.78,Same Day,0,5
ORD-12669,2025-03-19,Female,29,Texas,Clothing,65.84,3,197.52,Standard,8,3
ORD-10063,2025-03-20,Male,21,Texas,Sports,168.01,2,336.02,Standard,6,5
ORD-11008,2025-03-20,Female,67,New York,Beauty,19.25,1,19.25,Standard,7,1
ORD-11372,2025-03-20,Male,31,Florida,Sports,64.25,3,192.75,Express,1,4
ORD-11418,2025-03-20,Female,53,California,Electronics,241.38,3,724.14,Standard,4,4
ORD-12214,2025-03-20,Male,64,California,Electronics,180.09,4,720.36,Express,1,3
ORD-12400,2025-03-20,Male,39,Texas,Beauty,46.21,1,46.21,Standard,6,5
ORD-12912,2025-03-20,Male,51,Illinois,Home & Kitchen,58.69,3,176.07,Standard,7,5
ORD-10039,2025-03-21,Female,39,Florida,Clothing,71.05,1,71.05,Express,2,4
ORD-10739,2025-03-21,Male,69,Florida,Clothing,68.59,3,205.77,Standard,3,4
ORD-11011,2025-03-21,Female,30,California,Electronics,287.93,3,863.79,Same Day,0,3
ORD-11099,2025-03-21,Female,68,Georgia,Electronics,444.52,2,889.04,Express,1,5
ORD-11602,2025-03-21,Female,30,Ohio,Clothing,43.84,2,87.68,Same Day,0,5
ORD-12027,2025-03-21,Male,49,Florida,Clothing,88.96,2,177.92,Standard,4,5
ORD-12185,2025-03-21,Male,25,California,Clothing,68.88,2,137.76,Same Day,0,4
ORD-12665,2025-03-21,Female,68,New York,Clothing,20.74,2,41.48,Standard,5,5
ORD-10914,2025-03-22,Female,24,Texas,Electronics,184.21,1,184.21,Standard,6,4
ORD-11267,2025-03-22,Male,54,California,Sports,62.51,1,62.51,Express,2,4
ORD-12102,2025-03-22,Female,25,Texas,Books,15.58,3,46.74,Standard,6,4
ORD-10395,2025-03-23,Female,41,Texas,Beauty,17.3,2,34.6,Standard,7,2
ORD-10397,2025-03-23,Female,61,California,Clothing,49.85,2,99.7,Standard,5,5
ORD-10711,2025-03-23,Female,38,Georgia,Sports,176.11,2,352.22,Standard,6,5
ORD-10782,2025-03-23,Female,50,New York,Home & Kitchen,99.58,2,199.16,Express,2,4
ORD-10847,2025-03-23,Male,47,Georgia,Sports,171.8,3,515.4,Express,3,3
ORD-11359,2025-03-23,Male,29,Illinois,Beauty,24.51,4,98.04,Express,1,5
ORD-12804,2025-03-23,Female,63,Illinois,Beauty,51.32,2,102.64,Standard,4,2
ORD-10708,2025-03-24,Female,61,Texas,Clothing,42.11,3,126.33,Express,3,5
ORD-10887,2025-03-24,Female,60,Illinois,Electronics,430.97,2,861.94,Express,2,5
ORD-11251,2025-03-24,Male,57,California,Clothing,18.9,2,37.8,Standard,4,4
ORD-11642,2025-03-24,Female,30,New York,Clothing,80.77,1,80.77,Express,2,4
ORD-11946,2025-03-24,Male,28,Texas,Books,16.75,2,33.5,Standard,5,1
ORD-12031,2025-03-24,Female,30,Georgia,Beauty,40.75,4,163.0,Same Day,0,4
ORD-12164,2025-03-24,Male,55,Illinois,Home & Kitchen,165.18,1,165.18,Standard,5,5
ORD-10074,2025-03-25,Male,19,Texas,Clothing,36.16,4,144.64,Express,2,2
ORD-10218,2025-03-25,Male,42,California,Electronics,430.41,2,860.82,Express,3,3
ORD-10725,2025-03-25,Male,55,Florida,Books,32.18,4,128.72,Express,1,4
ORD-10785,2025-03-25,Male,20,Florida,Electronics,451.43,2,902.86,Standard,4,4
ORD-10801,2025-03-25,Female,53,Florida,Clothing,40.01,3,120.03,Express,1,4
ORD-10997,2025-03-25,Male,37,Washington,Sports,87.99,3,263.97,Express,3,5
ORD-11625,2025-03-25,Female,52,Florida,Electronics,230.99,2,461.98,Standard,7,1
ORD-12060,2025-03-25,Female,44,Ohio,Sports,120.37,3,361.11,Express,1,5
ORD-10262,2025-03-26,Male,46,New York,Clothing,49.69,2,99.38,Express,3,5
ORD-10263,2025-03-26,Male,65,California,Electronics,524.69,2,1049.38,Standard,8,5
ORD-10321,2025-03-26,Female,49,Florida,Books,36.32,3,108.96,Standard,8,4
ORD-10328,2025-03-26,Female,34,Florida,Electronics,385.42,3,1156.26,Standard,6,4
ORD-10354,2025-03-26,Male,50,Texas,Clothing,79.93,3,239.79,Express,3,5
ORD-10549,2025-03-26,Female,44,Georgia,Books,12.87,3,38.61,Express,2,5
ORD-11007,2025-03-26,Female,48,Washington,Beauty,52.41,1,52.41,Standard,7,2
ORD-11575,2025-03-26,Female,44,Washington,Home & Kitchen,196.68,1,196.68,Standard,3,5
ORD-12217,2025-03-26,Male,29,Washington,Books,23.6,3,70.8,Standard,7,2
ORD-12322,2025-03-26,Female,32,Ohio,Electronics,231.64,1,231.64,Standard,8,2
ORD-12356,2025-03-26,Female,46,Texas,Electronics,204.13,2,408.26,Standard,8,3
ORD-10117,2025-03-27,Female,55,California,Home & Kitchen,238.92,2,477.84,Same Day,0,4
ORD-10234,2025-03-27,Female,35,Illinois,Electronics,408.38,4,1633.52,Standard,5,3
ORD-10693,2025-03-27,Female,21,Georgia,Beauty,32.91,4,131.64,Standard,5,5
ORD-11954,2025-03-27,Male,30,Washington,Home & Kitchen,99.79,3,299.37,Standard,8,3
ORD-12126,2025-03-27,Female,50,New York,Books,26.25,3,78.75,Same Day,0,5
ORD-12441,2025-03-27,Male,56,Florida,Home & Kitchen,209.49,1,209.49,Standard,3,5
ORD-10370,2025-03-28,Female,34,New York,Clothing,20.74,1,20.74,Standard,3,3
ORD-10552,2025-03-28,Male,21,Texas,Beauty,50.12,2,100.24,Express,3,5
ORD-10617,2025-03-28,Female,46,Texas,Sports,278.18,4,1112.72,Standard,7,5
ORD-10944,2025-03-28,Female,39,New York,Electronics,541.21,1,541.21,Express,2,5
ORD-11034,2025-03-28,Female,32,Ohio,Home & Kitchen,181.81,2,363.62,Standard,3,4
ORD-11366,2025-03-28,Male,47,New York,Books,25.5,3,76.5,Standard,7,5
ORD-11678,2025-03-28,Female,40,New York,Beauty,21.2,1,21.2,Standard,4,4
ORD-12675,2025-03-28,Female,26,Texas,Sports,138.4,4,553.6,Standard,5,3
ORD-10705,2025-04-01,Female,59,California,Clothing,69.85,4,279.4,Standard,4,4
ORD-10918,2025-04-01,Male,50,Ohio,Home & Kitchen,152.45,1,152.45,Same Day,0,5
ORD-11346,2025-04-01,Female,55,Florida,Home & Kitchen,167.96,4,671.84,Same Day,0,2
ORD-12307,2025-04-01,Male,67,California,Home & Kitchen,244.81,2,489.62,Express,1,3
ORD-12708,2025-04-01,Female,42,Washington,Sports,187.21,4,748.84,Standard,3,3
ORD-10190,2025-04-02,Female,62,Georgia,Clothing,18.03,3,54.09,Standard,3,4
ORD-10203,2025-04-02,Female,47,Illinois,Sports,41.83,2,83.66,Standard,4,5
ORD-11234,2025-04-02,Male,40,New York,Electronics,487.93,1,487.93,Standard,3,4
ORD-11761,2025-04-02,Female,54,Washington,Electronics,577.14,1,577.14,Same Day,0,5
ORD-12202,2025-04-02,Male,56,Georgia,Home & Kitchen,161.67,3,485.01,Express,3,4
ORD-12226,2025-04-02,Male,36,New York,Electronics,236.09,4,944.36,Standard,3,5
ORD-10237,2025-04-03,Male,33,Ohio,Electronics,127.99,2,255.98,Standard,8,2
ORD-11019,2025-04-03,Male,60,Georgia,Electronics,197.32,2,394.64,Express,2,4
ORD-11181,2025-04-03,Male,53,Illinois,Sports,247.13,3,741.39,Standard,6,4
ORD-11485,2025-04-03,Male,21,New York,Clothing,67.79,2,135.58,Standard,3,5
ORD-11727,2025-04-03,Male,36,Georgia,Home & Kitchen,176.99,2,353.98,Standard,5,4
ORD-11964,2025-04-03,Male,29,Ohio,Books,39.42,4,157.68,Same Day,0,4
ORD-12706,2025-04-03,Male,39,New York,Books,16.49,4,65.96,Standard,4,4
ORD-12856,2025-04-03,Male,56,California,Sports,170.22,4,680.88,Standard,3,5
ORD-10080,2025-04-04,Male,20,New York,Beauty,51.96,4,207.84,Same Day,0,5
ORD-10374,2025-04-04,Male,49,Texas,Electronics,389.73,3,1169.19,Express,3,5
ORD-10605,2025-04-04,Female,62,New York,Electronics,367.76,1,367.76,Standard,4,4
ORD-10665,2025-04-04,Female,44,Florida,Electronics,160.15,3,480.45,Express,1,4
ORD-10955,2025-04-04,Male,26,Texas,Sports,175.43,4,701.72,Standard,4,4
ORD-11088,2025-04-04,Male,43,Ohio,Sports,139.31,1,139.31,Express,2,4
ORD-11305,2025-04-04,Female,39,Washington,Beauty,45.25,4,181.0,Standard,6,4
ORD-11398,2025-04-04,Male,44,New York,Sports,299.41,3,898.23,Standard,8,5
ORD-11482,2025-04-04,Female,40,California,Sports,141.7,4,566.8,Standard,8,5
ORD-11694,2025-04-04,Male,27,California,Electronics,445.23,4,1780.92,Same Day,0,5
ORD-11837,2025-04-04,Female,38,Washington,Electronics,493.66,4,1974.64,Standard,8,4
ORD-12010,2025-04-04,Female,33,Florida,Books,26.13,2,52.26,Same Day,0,5
ORD-10651,2025-04-05,Female,57,California,Clothing,64.07,1,64.07,Standard,7,3
ORD-11136,2025-04-05,Male,37,Texas,Clothing,71.68,3,215.04,Standard,3,4
ORD-11466,2025-04-05,Female,51,New York,Books,21.81,3,65.43,Standard,7,5
ORD-12123,2025-04-05,Male,69,New York,Electronics,236.15,3,708.45,Same Day,0,5
ORD-12231,2025-04-05,Male,38,Florida,Electronics,327.32,4,1309.28,Express,3,4
ORD-12549,2025-04-05,Female,25,New York,Electronics,131.68,2,263.36,Standard,4,2
ORD-12622,2025-04-05,Male,69,California,Home & Kitchen,78.97,2,157.94,Standard,3,5
ORD-11015,2025-04-06,Male,51,Florida,Electronics,244.39,1,244.39,Express,1,5
ORD-11439,2025-04-06,Male,32,Georgia,Electronics,519.54,2,1039.08,Standard,5,2
ORD-11503,2025-04-06,Female,39,Florida,Clothing,89.97,1,89.97,Standard,4,3
ORD-11593,2025-04-06,Male,51,New York,Clothing,30.14,4,120.56,Standard,6,4
ORD-11639,2025-04-06,Female,40,New York,Clothing,77.3,1,77.3,Standard,4,5
ORD-11786,2025-04-06,Female,45,Illinois,Home & Kitchen,24.97,4,99.88,Standard,8,5
ORD-12313,2025-04-06,Female,52,Washington,Books,23.17,1,23.17,Standard,4,4
ORD-12680,2025-04-06,Male,55,Texas,Sports,273.26,3,819.78,Express,1,1
ORD-12929,2025-04-06,Female,59,Illinois,Clothing,30.26,1,30.26,Same Day,0,5
ORD-10999,2025-04-07,Male,55,Texas,Sports,288.09,1,288.09,Standard,5,4
ORD-11025,2025-04-07,Male,50,California,Beauty,42.18,1,42.18,Express,3,4
ORD-11395,2025-04-07,Male,55,Florida,Beauty,32.35,1,32.35,Standard,6,4
ORD-12046,2025-04-07,Male,30,New York,Books,39.16,1,39.16,Express,2,3
ORD-12165,2025-04-07,Female,28,Texas,Beauty,11.05,4,44.2,Express,3,4
ORD-12359,2025-04-07,Male,55,Florida,Home & Kitchen,143.83,1,143.83,Standard,7,4
ORD-12643,2025-04-07,Male,25,Texas,Home & Kitchen,192.32,4,769.28,Express,3,4
ORD-12870,2025-04-07,Male,28,Washington,Clothing,41.82,4,167.28,Standard,3,5
ORD-12888,2025-04-07,Male,61,Washington,Books,28.29,3,84.87,Standard,8,1
ORD-12918,2025-04-07,Female,22,Georgia,Beauty,14.29,1,14.29,Standard,3,4
ORD-10065,2025-04-08,Female,38,California,Books,23.3,4,93.2,Standard,5,2
ORD-10834,2025-04-08,Male,35,Illinois,Beauty,13.46,3,40.38,Express,2,5
ORD-11666,2025-04-08,Female,49,Georgia,Beauty,15.2,4,60.8,Standard,5,3
ORD-11781,2025-04-08,Female,49,Georgia,Clothing,56.97,1,56.97,Standard,6,5
ORD-10335,2025-04-09,Female,50,Ohio,Electronics,568.46,2,1136.92,Same Day,0,5
ORD-10384,2025-04-09,Female,24,Florida,Beauty,20.21,4,80.84,Standard,4,4
ORD-10499,2025-04-09,Female,56,Washington,Clothing,81.24,3,243.72,Express,2,3
ORD-11444,2025-04-09,Female,18,New York,Beauty,10.57,2,21.14,Standard,5,5
ORD-12241,2025-04-09,Male,46,Texas,Home & Kitchen,97.91,2,195.82,Standard,5,3
ORD-10173,2025-04-10,Female,22,Florida,Electronics,502.21,1,502.21,Express,3,2
ORD-10508,2025-04-10,Male,31,California,Home & Kitchen,180.04,1,180.04,Standard,6,4
ORD-11401,2025-04-10,Female,37,Florida,Clothing,36.64,1,36.64,Standard,6,4
ORD-11615,2025-04-10,Female,34,Ohio,Books,36.4,3,109.2,Standard,8,5
ORD-11659,2025-04-10,Female,50,Washington,Beauty,33.37,1,33.37,Express,2,5
ORD-12069,2025-04-10,Male,27,Texas,Books,14.03,4,56.12,Standard,6,5
ORD-12755,2025-04-10,Female,65,New York,Electronics,251.33,1,251.33,Standard,4,3
ORD-10031,2025-04-11,Female,19,Texas,Home & Kitchen,35.4,3,106.2,Standard,5,5
ORD-10033,2025-04-11,Male,36,Washington,Beauty,37.47,4,149.88,Standard,3,5
ORD-10535,2025-04-11,Female,64,Texas,Sports,206.88,1,206.88,Standard,4,3
ORD-11675,2025-04-11,Female,33,Florida,Electronics,497.09,1,497.09,Standard,4,3
ORD-11721,2025-04-11,Female,26,Illinois,Beauty,34.65,1,34.65,Standard,8,5
ORD-12492,2025-04-11,Female,68,New York,Clothing,76.76,3,230.28,Same Day,0,5
ORD-12545,2025-04-11,Female,31,New York,Beauty,54.26,3,162.78,Express,1,5
ORD-12559,2025-04-11,Female,33,Texas,Books,18.52,3,55.56,Express,3,1
ORD-10125,2025-04-12,Female,46,California,Clothing,72.57,1,72.57,Standard,4,2
ORD-10301,2025-04-12,Female,48,Texas,Electronics,216.09,4,864.36,Express,2,3
ORD-10358,2025-04-12,Female,54,Florida,Home & Kitchen,133.01,3,399.03,Express,3,5
ORD-12882,2025-04-12,Female,33,New York,Home & Kitchen,229.84,1,229.84,Standard,7,3
ORD-10069,2025-04-13,Male,33,Georgia,Home & Kitchen,221.05,4,884.2,Express,3,5
ORD-11534,2025-04-13,Male,32,Ohio,Beauty,57.39,3,172.17,Express,2,5
ORD-11648,2025-04-13,Female,59,Illinois,Clothing,52.92,4,211.68,Express,2,5
ORD-11739,2025-04-13,Male,21,Ohio,Beauty,48.76,1,48.76,Standard,5,5
ORD-12776,2025-04-13,Female,33,California,Home & Kitchen,107.03,1,107.03,Express,2,5
ORD-12831,2025-04-13,Male,37,New York,Electronics,194.67,1,194.67,Standard,8,5
ORD-10376,2025-04-14,Male,28,California,Clothing,32.93,2,65.86,Standard,8,4
ORD-10620,2025-04-14,Male,33,California,Sports,258.74,4,1034.96,Standard,8,4
ORD-10925,2025-04-14,Female,20,Washington,Home & Kitchen,112.0,3,336.0,Standard,3,5
ORD-11542,2025-04-14,Female,65,Washington,Sports,201.39,3,604.17,Express,3,5
ORD-12198,2025-04-14,Female,30,Illinois,Beauty,28.79,1,28.79,Standard,4,3
ORD-12405,2025-04-14,Female,29,California,Electronics,540.49,1,540.49,Standard,5,5
ORD-12619,2025-04-14,Female,19,Ohio,Home & Kitchen,122.28,3,366.84,Express,1,4
ORD-12860,2025-04-14,Male,30,New York,Books,20.57,3,61.71,Express,1,2
ORD-10878,2025-04-15,Female,58,Ohio,Clothing,25.48,2,50.96,Standard,3,4
ORD-11540,2025-04-15,Female,60,Illinois,Sports,271.98,2,543.96,Standard,5,1
ORD-11598,2025-04-15,Female,38,Illinois,Books,19.55,4,78.2,Standard,8,3
ORD-11790,2025-04-15,Male,26,California,Clothing,85.96,1,85.96,Express,3,5
ORD-12000,2025-04-15,Female,43,Texas,Home & Kitchen,42.89,1,42.89,Standard,5,5
ORD-12539,2025-04-15,Female,59,Florida,Home & Kitchen,82.19,1,82.19,Express,2,5
ORD-10221,2025-04-16,Male,23,California,Clothing,73.8,3,221.4,Standard,5,4
ORD-11391,2025-04-16,Male,38,Washington,Home & Kitchen,199.1,3,597.3,Same Day,0,5
ORD-11704,2025-04-16,Male,55,Texas,Home & Kitchen,88.87,2,177.74,Express,1,4
ORD-11830,2025-04-16,Male,35,Georgia,Home & Kitchen,105.13,2,210.26,Express,3,5
ORD-11880,2025-04-16,Female,42,Texas,Home & Kitchen,70.45,4,281.8,Standard,5,2
ORD-12263,2025-04-16,Female,43,Texas,Beauty,29.76,4,119.04,Standard,8,3
ORD-12450,2025-04-16,Male,43,Ohio,Sports,205.13,1,205.13,Express,3,1
ORD-12636,2025-04-16,Female,43,Ohio,Beauty,35.12,4,140.48,Standard,7,4
ORD-12813,2025-04-16,Male,53,California,Electronics,512.51,4,2050.04,Standard,4,4
ORD-10126,2025-04-17,Male,43,Washington,Clothing,63.54,2,127.08,Standard,4,5
ORD-10444,2025-04-17,Male,39,California,Electronics,225.38,2,450.76,Same Day,0,4
ORD-12417,2025-04-17,Male,65,California,Home & Kitchen,218.03,3,654.09,Express,2,5
ORD-12960,2025-04-17,Male,49,Washington,Books,11.27,4,45.08,Standard,5,3
ORD-10189,2025-04-18,Female,39,Texas,Sports,231.67,1,231.67,Express,2,4
ORD-10285,2025-04-18,Female,50,Illinois,Home & Kitchen,110.49,2,220.98,Express,2,5
ORD-10350,2025-04-18,Male,25,Texas,Home & Kitchen,100.39,2,200.78,Express,2,3
ORD-10875,2025-04-18,Female,50,New York,Clothing,20.34,2,40.68,Same Day,0,5
ORD-11484,2025-04-18,Female,59,Washington,Home & Kitchen,60.34,3,181.02,Standard,6,5
ORD-11543,2025-04-18,Female,25,Ohio,Sports,89.4,1,89.4,Standard,3,5
ORD-11700,2025-04-18,Female,18,Illinois,Electronics,286.38,1,286.38,Express,2,5
ORD-11805,2025-04-18,Male,59,Georgia,Beauty,11.74,1,11.74,Standard,3,4
ORD-11900,2025-04-18,Male,40,Georgia,Beauty,49.88,2,99.76,Standard,5,3
ORD-12292,2025-04-18,Male,18,Washington,Clothing,17.06,3,51.18,Standard,7,3
ORD-12760,2025-04-18,Female,29,California,Beauty,39.2,3,117.6,Express,1,4
ORD-10442,2025-04-19,Female,19,Florida,Clothing,43.75,2,87.5,Standard,4,4
ORD-10826,2025-04-19,Female,21,California,Clothing,85.03,3,255.09,Standard,7,3
ORD-11317,2025-04-19,Female,37,Florida,Electronics,290.66,2,581.32,Standard,7,5
ORD-11931,2025-04-19,Female,26,New York,Home & Kitchen,147.77,1,147.77,Express,3,5
ORD-12310,2025-04-19,Male,18,New York,Beauty,28.11,2,56.22,Standard,4,4
ORD-12361,2025-04-19,Female,27,California,Electronics,434.73,4,1738.92,Express,3,3
ORD-12382,2025-04-19,Female,43,Georgia,Clothing,23.44,4,93.76,Standard,5,5
ORD-12761,2025-04-19,Female,69,New York,Home & Kitchen,233.0,1,233.0,Standard,6,5
ORD-10566,2025-04-20,Male,67,Texas,Home & Kitchen,206.34,4,825.36,Standard,6,5
ORD-10869,2025-04-20,Male,21,Texas,Beauty,36.73,1,36.73,Standard,3,5
ORD-11004,2025-04-20,Female,53,Florida,Clothing,83.21,4,332.84,Standard,5,3
ORD-11451,2025-04-20,Male,67,California,Clothing,44.44,3,133.32,Express,3,4
ORD-12563,2025-04-20,Male,30,Texas,Clothing,24.0,3,72.0,Standard,7,4
ORD-12867,2025-04-20,Male,27,New York,Electronics,424.75,4,1699.0,Standard,8,3
ORD-12982,2025-04-20,Male,42,New York,Sports,31.08,4,124.32,Standard,5,4
ORD-10089,2025-04-21,Female,40,California,Clothing,87.96,2,175.92,Express,1,5
ORD-10271,2025-04-21,Male,24,Illinois,Beauty,13.31,3,39.93,Express,1,4
ORD-10579,2025-04-21,Female,64,Texas,Home & Kitchen,228.53,2,457.06,Standard,7,4
ORD-11724,2025-04-21,Female,23,Florida,Clothing,38.47,1,38.47,Standard,3,3
ORD-12425,2025-04-21,Female,52,Illinois,Electronics,508.72,3,1526.16,Express,2,3
ORD-12547,2025-04-21,Female,54,California,Electronics,301.38,3,904.14,Express,1,5
ORD-10083,2025-04-22,Male,53,Florida,Books,9.86,3,29.58,Express,2,4
ORD-10158,2025-04-22,Female,30,Washington,Clothing,27.0,1,27.0,Same Day,0,2
ORD-10479,2025-04-22,Male,29,New York,Beauty,41.47,2,82.94,Express,3,5
ORD-10951,2025-04-22,Female,18,California,Sports,87.49,2,174.98,Express,1,4
ORD-12045,2025-04-22,Male,33,California,Electronics,310.74,4,1242.96,Standard,8,3
ORD-12754,2025-04-22,Female,53,New York,Home & Kitchen,31.34,4,125.36,Express,1,4
ORD-12791,2025-04-22,Male,58,Illinois,Sports,297.59,2,595.18,Standard,3,5
ORD-10003,2025-04-23,Female,24,Florida,Clothing,55.07,2,110.14,Express,3,4
ORD-10020,2025-04-23,Female,28,New York,Electronics,557.06,3,1671.18,Express,3,4
ORD-10160,2025-04-23,Female,47,Texas,Clothing,35.43,3,106.29,Standard,4,5
ORD-10253,2025-04-23,Female,44,Illinois,Electronics,309.13,2,618.26,Express,3,3
ORD-10616,2025-04-23,Female,49,California,Electronics,520.67,3,1562.01,Standard,8,3
ORD-10757,2025-04-23,Male,33,Washington,Clothing,15.63,1,15.63,Standard,5,3
ORD-11129,2025-04-23,Male,49,Ohio,Sports,92.79,4,371.16,Express,3,5
ORD-11249,2025-04-23,Female,27,Illinois,Home & Kitchen,178.73,4,714.92,Express,1,5
ORD-11280,2025-04-23,Female,38,Texas,Beauty,51.63,4,206.52,Standard,3,4
ORD-11986,2025-04-23,Male,34,Texas,Clothing,85.73,2,171.46,Standard,6,4
ORD-12080,2025-04-23,Male,69,New York,Clothing,36.28,1,36.28,Standard,5,4
ORD-12259,2025-04-23,Female,21,Florida,Beauty,35.46,1,35.46,Standard,8,2
ORD-12978,2025-04-23,Male,36,Texas,Beauty,51.37,3,154.11,Same Day,0,5
ORD-10252,2025-04-24,Male,52,California,Books,34.95,4,139.8,Standard,8,5
ORD-10419,2025-04-24,Female,62,California,Books,23.65,4,94.6,Standard,7,4
ORD-10441,2025-04-24,Male,23,Georgia,Books,36.99,2,73.98,Express,2,4
ORD-10526,2025-04-24,Male,42,Illinois,Home & Kitchen,236.76,1,236.76,Same Day,0,3
ORD-11407,2025-04-24,Female,54,Illinois,Home & Kitchen,71.63,3,214.89,Express,3,4
ORD-12401,2025-04-24,Female,23,Washington,Sports,94.26,4,377.04,Express,3,3
ORD-12518,2025-04-24,Male,40,Florida,Home & Kitchen,199.56,2,399.12,Standard,6,5
ORD-12597,2025-04-24,Female,66,Washington,Home & Kitchen,53.63,1,53.63,Standard,3,3
ORD-12623,2025-04-24,Female,58,New York,Clothing,73.46,2,146.92,Standard,5,4
ORD-12742,2025-04-24,Female,36,Texas,Clothing,80.35,2,160.7,Express,3,5
ORD-10291,2025-04-25,Female,45,Florida,Beauty,59.93,2,119.86,Standard,7,3
ORD-10333,2025-04-25,Male,28,Florida,Books,21.52,1,21.52,Standard,4,2
ORD-10348,2025-04-25,Male,42,Florida,Clothing,71.82,1,71.82,Standard,4,3
ORD-10827,2025-04-25,Male,57,Illinois,Clothing,49.59,3,148.77,Express,1,4
ORD-10853,2025-04-25,Male,38,Texas,Books,20.96,1,20.96,Same Day,0,5
ORD-11199,2025-04-25,Male,48,Ohio,Sports,276.69,4,1106.76,Express,3,5
ORD-11381,2025-04-25,Male,58,Illinois,Electronics,302.09,3,906.27,Standard,8,5
ORD-11603,2025-04-25,Female,50,California,Sports,140.62,2,281.24,Express,3,4
ORD-11736,2025-04-25,Male,35,Ohio,Books,24.3,1,24.3,Same Day,0,4
ORD-11754,2025-04-25,Male,66,Washington,Electronics,279.43,2,558.86,Standard,8,2
ORD-11996,2025-04-25,Male,60,Texas,Beauty,50.66,1,50.66,Standard,8,4
ORD-12037,2025-04-25,Female,68,California,Clothing,40.08,1,40.08,Express,3,3
ORD-12058,2025-04-25,Female,26,Illinois,Home & Kitchen,116.53,4,466.12,Standard,8,4
ORD-12199,2025-04-25,Male,44,Texas,Books,38.22,3,114.66,Express,3,5
ORD-12515,2025-04-25,Female,36,California,Electronics,297.69,3,893.07,Same Day,0,4
ORD-12613,2025-04-25,Female,32,Illinois,Electronics,514.49,2,1028.98,Standard,6,5
ORD-10518,2025-04-26,Male,58,Texas,Clothing,40.88,2,81.76,Standard,6,5
ORD-10885,2025-04-26,Male,46,California,Books,33.2,2,66.4,Standard,3,4
ORD-12475,2025-04-26,Female,58,Florida,Home & Kitchen,126.24,2,252.48,Same Day,0,4
ORD-12565,2025-04-26,Male,65,Texas,Beauty,27.82,3,83.46,Standard,3,5
ORD-12641,2025-04-26,Female,45,Georgia,Home & Kitchen,80.35,4,321.4,Express,2,4
ORD-10558,2025-04-27,Female,60,New York,Clothing,65.5,3,196.5,Standard,8,4
ORD-10660,2025-04-27,Male,47,Florida,Electronics,544.78,4,2179.12,Standard,7,5
ORD-10851,2025-04-27,Male,49,Washington,Clothing,29.46,1,29.46,Express,1,4
ORD-11426,2025-04-27,Male,47,Georgia,Clothing,89.16,1,89.16,Same Day,0,1
ORD-11555,2025-04-27,Female,63,New York,Home & Kitchen,207.1,4,828.4,Standard,4,5
ORD-11684,2025-04-27,Male,46,Florida,Clothing,24.19,2,48.38,Same Day,0,2
ORD-12869,2025-04-27,Female,43,Georgia,Clothing,69.09,4,276.36,Express,3,5
ORD-10035,2025-04-28,Female,67,Washington,Sports,73.1,3,219.3,Standard,5,5
ORD-10730,2025-04-28,Male,56,California,Electronics,533.12,3,1599.36,Express,3,5
ORD-11041,2025-04-28,Female,29,New York,Clothing,60.51,3,181.53,Standard,5,5
ORD-11519,2025-04-28,Female,43,Florida,Books,22.61,3,67.83,Same Day,0,4
ORD-12036,2025-04-28,Male,53,Illinois,Sports,175.21,2,350.42,Standard,6,5
ORD-12507,2025-04-28,Male,47,Florida,Beauty,23.16,1,23.16,Standard,8,2
ORD-10259,2025-05-01,Male,58,Georgia,Beauty,10.69,3,32.07,Same Day,0,4
ORD-10931,2025-05-01,Female,56,Ohio,Beauty,48.58,1,48.58,Standard,4,4
ORD-11061,2025-05-01,Male,60,Texas,Clothing,45.76,4,183.04,Standard,8,4
ORD-12201,2025-05-01,Female,26,New York,Home & Kitchen,138.45,2,276.9,Standard,6,5
ORD-12411,2025-05-01,Male,64,Texas,Electronics,438.97,2,877.94,Standard,6,4
ORD-12520,2025-05-01,Male,49,California,Home & Kitchen,142.38,4,569.52,Express,3,5
ORD-12853,2025-05-01,Female,58,California,Beauty,10.17,4,40.68,Standard,5,5
ORD-10509,2025-05-02,Male,35,Ohio,Home & Kitchen,144.69,1,144.69,Same Day,0,3
ORD-10636,2025-05-02,Female,27,Illinois,Sports,202.98,1,202.98,Express,2,4
ORD-11074,2025-05-02,Male,26,California,Home & Kitchen,25.2,2,50.4,Standard,8,5
ORD-11163,2025-05-02,Male,41,California,Books,33.42,3,100.26,Standard,4,5
ORD-11583,2025-05-02,Male,50,Ohio,Sports,258.45,3,775.35,Express,2,5
ORD-11794,2025-05-02,Male,26,Georgia,Home & Kitchen,237.95,3,713.85,Standard,3,3
ORD-11828,2025-05-02,Female,63,California,Clothing,33.38,4,133.52,Express,1,4
ORD-12416,2025-05-02,Female,54,Georgia,Clothing,35.76,4,143.04,Express,2,2
ORD-12650,2025-05-02,Female,42,New York,Sports,95.11,3,285.33,Standard,4,3
ORD-10071,2025-05-03,Female,19,Florida,Sports,180.08,3,540.24,Express,2,5
ORD-10623,2025-05-03,Male,33,Texas,Clothing,42.85,2,85.7,Standard,7,5
ORD-11937,2025-05-03,Male,18,Illinois,Home & Kitchen,123.92,2,247.84,Same Day,0,5
ORD-12362,2025-05-03,Female,50,Ohio,Clothing,27.73,4,110.92,Standard,5,4
ORD-12390,2025-05-03,Male,18,California,Home & Kitchen,103.18,4,412.72,Express,2,5
ORD-12878,2025-05-03,Male,60,Ohio,Electronics,210.59,3,631.77,Same Day,0,3
ORD-10004,2025-05-04,Female,55,Georgia,Sports,26.19,4,104.76,Standard,6,5
ORD-10133,2025-05-04,Female,36,Georgia,Sports,46.41,3,139.23,Standard,6,3
ORD-10685,2025-05-04,Female,21,Florida,Clothing,61.08,1,61.08,Express,2,5
ORD-10930,2025-05-04,Female,22,Ohio,Books,38.32,2,76.64,Standard,4,3
ORD-11027,2025-05-04,Male,22,Florida,Home & Kitchen,41.27,3,123.81,Standard,7,1
ORD-11076,2025-05-04,Female,22,Texas,Clothing,42.86,3,128.58,Standard,5,4
ORD-11102,2025-05-04,Female,41,Florida,Home & Kitchen,214.53,2,429.06,Express,3,3
ORD-11413,2025-05-04,Male,43,Texas,Beauty,55.36,3,166.08,Standard,8,5
ORD-11926,2025-05-04,Female,46,New York,Books,19.8,3,59.4,Same Day,0,3
ORD-12355,2025-05-04,Male,42,Florida,Home & Kitchen,89.37,2,178.74,Express,1,5
ORD-12578,2025-05-04,Female,58,California,Home & Kitchen,64.73,4,258.92,Express,3,1
ORD-12994,2025-05-04,Male,60,New York,Home & Kitchen,20.07,4,80.28,Same Day,0,1
ORD-10010,2025-05-05,Female,43,New York,Clothing,40.7,2,81.4,Express,1,3
ORD-10267,2025-05-05,Male,25,Washington,Clothing,18.01,2,36.02,Standard,7,3
ORD-10921,2025-05-05,Female,47,Georgia,Sports,42.85,3,128.55,Standard,3,5
ORD-11166,2025-05-05,Female,41,Washington,Books,14.66,4,58.64,Standard,5,4
ORD-11279,2025-05-05,Male,28,Washington,Home & Kitchen,212.48,1,212.48,Express,3,5
ORD-11991,2025-05-05,Male,46,Washington,Electronics,476.77,3,1430.31,Standard,4,5
ORD-12234,2025-05-05,Male,51,Texas,Clothing,77.14,1,77.14,Express,3,5
ORD-12377,2025-05-05,Female,63,Texas,Clothing,60.17,2,120.34,Standard,3,4
ORD-12890,2025-05-05,Female,63,California,Home & Kitchen,215.32,4,861.28,Standard,7,3
ORD-10150,2025-05-06,Female,19,California,Electronics,531.06,1,531.06,Standard,3,5
ORD-10197,2025-05-06,Female,59,California,Electronics,491.42,3,1474.26,Standard,3,5
ORD-10491,2025-05-06,Female,58,New York,Electronics,314.09,1,314.09,Standard,4,5
ORD-10528,2025-05-06,Male,67,Florida,Sports,165.21,1,165.21,Express,3,4
ORD-10529,2025-05-06,Female,40,Illinois,Electronics,431.53,1,431.53,Standard,7,5
ORD-10724,2025-05-06,Male,54,Texas,Electronics,232.73,2,465.46,Standard,5,5
ORD-10829,2025-05-06,Male,29,New York,Books,19.52,2,39.04,Standard,6,4
ORD-11227,2025-05-06,Male,19,Georgia,Beauty,22.05,3,66.15,Standard,7,5
ORD-11505,2025-05-06,Female,26,California,Clothing,55.82,1,55.82,Same Day,0,2
ORD-11873,2025-05-06,Female,18,Texas,Home & Kitchen,112.01,4,448.04,Standard,7,3
ORD-12336,2025-05-06,Female,43,Washington,Books,33.35,3,100.05,Express,1,4
ORD-12353,2025-05-06,Female,36,Illinois,Sports,241.46,4,965.84,Standard,6,4
ORD-12592,2025-05-06,Male,42,New York,Home & Kitchen,201.62,4,806.48,Express,2,5
ORD-10011,2025-05-07,Female,37,California,Electronics,496.14,2,992.28,Standard,5,4
ORD-10394,2025-05-07,Female,47,New York,Beauty,54.82,4,219.28,Standard,8,5
ORD-10606,2025-05-07,Female,53,Georgia,Sports,170.12,2,340.24,Same Day,0,5
ORD-10633,2025-05-07,Male,53,New York,Clothing,25.03,1,25.03,Standard,3,4
ORD-11112,2025-05-07,Male,24,Ohio,Clothing,77.87,4,311.48,Express,2,4
ORD-11194,2025-05-07,Female,63,California,Clothing,34.22,3,102.66,Standard,6,5
ORD-11569,2025-05-07,Male,62,Georgia,Beauty,14.26,1,14.26,Standard,4,4
ORD-11660,2025-05-07,Female,43,Ohio,Clothing,86.75,1,86.75,Standard,4,5
ORD-11692,2025-05-07,Male,40,Ohio,Clothing,76.04,2,152.08,Standard,4,3
ORD-11977,2025-05-07,Female,18,New York,Electronics,461.28,1,461.28,Standard,5,4
ORD-12427,2025-05-07,Male,42,Ohio,Electronics,569.69,4,2278.76,Standard,7,4
ORD-12543,2025-05-07,Male,50,New York,Clothing,61.6,2,123.2,Standard,7,4
ORD-12671,2025-05-07,Male,54,Texas,Electronics,438.72,4,1754.88,Express,3,5
ORD-12985,2025-05-07,Female,61,California,Clothing,51.99,2,103.98,Same Day,0,5
ORD-10188,2025-05-08,Male,33,Illinois,Books,35.15,3,105.45,Express,1,3
ORD-10668,2025-05-08,Male,56,New York,Books,14.8,2,29.6,Same Day,0,4
ORD-10807,2025-05-08,Male,56,California,Clothing,33.52,1,33.52,Standard,3,5
ORD-10883,2025-05-08,Male,62,Illinois,Electronics,517.07,2,1034.14,Standard,6,5
ORD-11783,2025-05-08,Male,49,Florida,Electronics,155.02,3,465.06,Standard,7,5
ORD-12303,2025-05-08,Female,46,Florida,Books,31.78,2,63.56,Standard,3,5
ORD-12374,2025-05-08,Male,59,California,Clothing,46.12,2,92.24,Same Day,0,5
ORD-12694,2025-05-08,Male,63,New York,Clothing,18.21,2,36.42,Standard,4,4
ORD-12812,2025-05-08,Male,63,New York,Electronics,300.73,4,1202.92,Express,3,5
ORD-12835,2025-05-08,Female,21,Washington,Home & Kitchen,73.39,3,220.17,Standard,5,4
ORD-10658,2025-05-09,Male,56,New York,Clothing,31.0,4,124.0,Standard,4,5
ORD-10828,2025-05-09,Female,52,Ohio,Books,16.41,4,65.64,Standard,6,5
ORD-10963,2025-05-09,Male,65,New York,Books,9.26,1,9.26,Standard,5,5
ORD-11202,2025-05-09,Male,46,Illinois,Books,34.52,3,103.56,Standard,4,5
ORD-11441,2025-05-09,Female,52,Texas,Beauty,20.94,2,41.88,Express,3,5
ORD-12197,2025-05-09,Male,46,Florida,Books,7.8,3,23.4,Standard,5,4
ORD-12679,2025-05-09,Female,19,Texas,Electronics,238.95,1,238.95,Express,3,5
ORD-12877,2025-05-09,Female,39,Georgia,Sports,117.97,4,471.88,Same Day,0,4
ORD-10286,2025-05-10,Male,60,Texas,Clothing,80.08,2,160.16,Standard,6,5
ORD-10978,2025-05-10,Male,52,Illinois,Electronics,393.43,4,1573.72,Express,2,4
ORD-10989,2025-05-10,Female,36,Florida,Electronics,294.22,3,882.66,Standard,8,4
ORD-11037,2025-05-10,Male,55,Washington,Sports,220.66,3,661.98,Express,2,3
ORD-11329,2025-05-10,Female,46,California,Electronics,228.93,4,915.72,Standard,4,5
ORD-12072,2025-05-10,Female,48,Georgia,Home & Kitchen,181.83,4,727.32,Standard,8,5
ORD-12182,2025-05-10,Male,22,Florida,Electronics,271.73,3,815.19,Standard,7,2
ORD-12395,2025-05-10,Male,68,Georgia,Electronics,459.81,2,919.62,Standard,6,3
ORD-12741,2025-05-10,Female,31,Georgia,Home & Kitchen,45.98,1,45.98,Standard,5,3
ORD-12981,2025-05-10,Female,19,New York,Sports,66.14,2,132.28,Standard,5,5
ORD-10408,2025-05-11,Female,28,Illinois,Electronics,400.15,3,1200.45,Standard,7,4
ORD-11609,2025-05-11,Male,26,California,Electronics,533.35,1,533.35,Standard,4,5
ORD-12029,2025-05-11,Female,27,Illinois,Beauty,22.72,2,45.44,Standard,3,5
ORD-12299,2025-05-11,Female,66,Texas,Clothing,49.86,4,199.44,Express,1,4
ORD-12319,2025-05-11,Female,40,California,Electronics,404.16,1,404.16,Express,2,3
ORD-12561,2025-05-11,Female,39,New York,Electronics,527.29,1,527.29,Standard,8,4
ORD-10340,2025-05-12,Male,27,California,Clothing,69.15,4,276.6,Standard,8,4
ORD-11196,2025-05-12,Male,34,Illinois,Sports,175.01,3,525.03,Express,3,4
ORD-11373,2025-05-12,Male,36,Texas,Beauty,29.53,4,118.12,Standard,3,5
ORD-11504,2025-05-12,Female,68,Texas,Clothing,71.06,1,71.06,Standard,4,4
ORD-11545,2025-05-12,Female,63,New York,Sports,288.63,1,288.63,Standard,8,4
ORD-11589,2025-05-12,Female,34,Florida,Sports,219.48,4,877.92,Same Day,0,4
ORD-11655,2025-05-12,Male,19,Florida,Clothing,66.35,3,199.05,Same Day,0,3
ORD-12056,2025-05-12,Female,48,California,Electronics,157.16,2,314.32,Express,3,5
ORD-12367,2025-05-12,Female,55,Florida,Home & Kitchen,182.25,4,729.0,Express,1,5
ORD-12428,2025-05-12,Female,21,Washington,Clothing,22.0,1,22.0,Express,2,5
ORD-12764,2025-05-12,Female,59,California,Clothing,31.37,4,125.48,Express,1,5
ORD-10012,2025-05-13,Female,23,New York,Books,30.96,3,92.88,Standard,3,4
ORD-10215,2025-05-13,Female,22,California,Home & Kitchen,244.93,2,489.86,Express,1,4
ORD-11175,2025-05-13,Male,52,Georgia,Clothing,76.03,3,228.09,Express,1,3
ORD-11490,2025-05-13,Male,60,Texas,Home & Kitchen,225.34,2,450.68,Standard,8,5
ORD-12693,2025-05-13,Female,61,Ohio,Home & Kitchen,226.17,1,226.17,Standard,4,4
ORD-12753,2025-05-13,Female,33,Georgia,Electronics,558.59,3,1675.77,Standard,7,5
ORD-10555,2025-05-14,Female,67,Illinois,Beauty,58.07,1,58.07,Standard,5,5
ORD-10609,2025-05-14,Female,46,California,Home & Kitchen,185.49,1,185.49,Standard,8,4
ORD-10772,2025-05-14,Female,25,California,Beauty,24.87,1,24.87,Standard,6,5
ORD-10852,2025-05-14,Male,52,Texas,Clothing,52.76,1,52.76,Express,2,3
ORD-11472,2025-05-14,Male,30,Texas,Sports,173.33,2,346.66,Standard,5,4
ORD-11894,2025-05-14,Male,43,Texas,Electronics,459.22,1,459.22,Standard,7,4
ORD-11932,2025-05-14,Male,43,Illinois,Beauty,45.36,3,136.08,Same Day,0,4
ORD-12254,2025-05-14,Male,34,California,Electronics,488.31,4,1953.24,Express,2,5
ORD-12280,2025-05-14,Female,67,Ohio,Home & Kitchen,174.13,1,174.13,Same Day,0,5
ORD-12481,2025-05-14,Male,68,Texas,Sports,230.71,2,461.42,Standard,6,4
ORD-12503,2025-05-14,Female,66,Illinois,Beauty,17.7,4,70.8,Express,3,5
ORD-11006,2025-05-15,Female,39,Ohio,Electronics,355.62,2,711.24,Express,3,5
ORD-11385,2025-05-15,Female,50,Texas,Sports,108.2,4,432.8,Same Day,0,1
ORD-10241,2025-05-16,Male,66,California,Sports,125.67,1,125.67,Same Day,0,4
ORD-10843,2025-05-16,Female,32,Georgia,Books,37.9,3,113.7,Standard,6,3
ORD-11090,2025-05-16,Male,29,Illinois,Sports,116.07,1,116.07,Standard,4,5
ORD-11627,2025-05-16,Female,22,New York,Sports,50.95,3,152.85,Standard,4,4
ORD-11922,2025-05-16,Male,35,Ohio,Clothing,54.88,1,54.88,Same Day,0,5
ORD-11948,2025-05-16,Male,57,California,Books,26.49,1,26.49,Standard,5,4
ORD-12470,2025-05-16,Female,68,California,Clothing,65.21,1,65.21,Standard,5,4
ORD-12873,2025-05-16,Female,21,New York,Home & Kitchen,152.9,3,458.7,Express,3,5
ORD-10530,2025-05-17,Male,18,California,Electronics,135.13,3,405.39,Express,3,4
ORD-10690,2025-05-17,Male,68,California,Beauty,16.94,2,33.88,Express,2,4
ORD-11143,2025-05-17,Female,33,California,Electronics,164.47,3,493.41,Express,1,4
ORD-11587,2025-05-17,Female,46,Texas,Electronics,332.23,3,996.69,Standard,7,4
ORD-12091,2025-05-17,Male,34,Ohio,Beauty,9.12,3,27.36,Standard,7,5
ORD-12145,2025-05-17,Male,29,Washington,Books,20.93,1,20.93,Standard,4,4
ORD-10168,2025-05-18,Female,47,New York,Clothing,30.41,4,121.64,Standard,7,5
ORD-11283,2025-05-18,Female,33,Texas,Books,18.99,4,75.96,Standard,8,4
ORD-11691,2025-05-18,Female,68,California,Beauty,9.21,1,9.21,Standard,7,5
ORD-12786,2025-05-18,Male,39,Texas,Home & Kitchen,82.96,3,248.88,Standard,4,4
ORD-10268,2025-05-19,Male,57,California,Home & Kitchen,155.84,2,311.68,Express,3,5
ORD-10381,2025-05-19,Male,24,California,Clothing,52.78,3,158.34,Standard,7,4
ORD-10481,2025-05-19,Female,55,Texas,Clothing,86.96,1,86.96,Express,1,3
ORD-10766,2025-05-19,Female,19,New York,Sports,180.2,3,540.6,Standard,5,3
ORD-11021,2025-05-19,Female,24,Ohio,Electronics,340.82,3,1022.46,Standard,6,4
ORD-11130,2025-05-19,Female,42,Ohio,Clothing,58.1,2,116.2,Standard,8,5
ORD-11361,2025-05-19,Male,47,New York,Clothing,83.15,2,166.3,Express,2,4
ORD-11719,2025-05-19,Male,50,Georgia,Electronics,383.21,2,766.42,Standard,6,4
ORD-12034,2025-05-19,Female,61,Georgia,Books,32.23,4,128.92,Standard,4,3
ORD-12426,2025-05-19,Female,19,New York,Sports,218.92,1,218.92,Same Day,0,5
ORD-10211,2025-05-20,Male,38,New York,Sports,63.01,4,252.04,Standard,6,4
ORD-10522,2025-05-20,Female,24,Ohio,Books,8.13,2,16.26,Standard,8,2
ORD-10838,2025-05-20,Female,38,Texas,Beauty,50.99,2,101.98,Standard,8,5
ORD-11104,2025-05-20,Male,26,Florida,Home & Kitchen,125.34,3,376.02,Express,1,4
ORD-11493,2025-05-20,Male,25,Florida,Electronics,447.67,2,895.34,Standard,7,4
ORD-11497,2025-05-20,Female,40,New York,Beauty,16.19,2,32.38,Standard,3,5
ORD-11628,2025-05-20,Female,57,Texas,Home & Kitchen,247.36,4,989.44,Standard,3,4
ORD-11720,2025-05-20,Female,44,Florida,Beauty,29.11,3,87.33,Standard,5,5
ORD-12811,2025-05-20,Male,30,California,Electronics,262.14,4,1048.56,Standard,3,5
ORD-10360,2025-05-21,Female,19,Illinois,Books,8.95,2,17.9,Standard,6,2
ORD-10657,2025-05-21,Female,61,California,Electronics,309.81,4,1239.24,Standard,7,3
ORD-10661,2025-05-21,Female,68,Illinois,Sports,41.94,1,41.94,Standard,8,4
ORD-10715,2025-05-21,Female,19,Illinois,Electronics,312.36,1,312.36,Standard,8,4
ORD-10745,2025-05-21,Male,62,Florida,Clothing,63.78,2,127.56,Standard,8,2
ORD-10762,2025-05-21,Female,22,Ohio,Sports,74.27,3,222.81,Express,2,3
ORD-11640,2025-05-21,Female,60,Florida,Clothing,75.82,4,303.28,Same Day,0,4
ORD-11929,2025-05-21,Male,55,Texas,Clothing,17.71,2,35.42,Standard,8,5
ORD-11955,2025-05-21,Male,26,New York,Sports,41.1,4,164.4,Standard,8,4
ORD-12664,2025-05-21,Male,61,California,Clothing,54.28,2,108.56,Standard,3,5
ORD-10040,2025-05-22,Male,43,Ohio,Books,11.74,2,23.48,Standard,3,4
ORD-10497,2025-05-22,Male,22,California,Electronics,464.74,3,1394.22,Standard,6,5
ORD-10537,2025-05-22,Male,34,California,Electronics,147.58,2,295.16,Standard,3,4
ORD-10583,2025-05-22,Female,22,California,Clothing,73.34,3,220.02,Express,2,3
ORD-11360,2025-05-22,Female,34,Washington,Beauty,52.02,4,208.08,Same Day,0,3
ORD-11669,2025-05-22,Female,60,California,Electronics,535.31,4,2141.24,Standard,4,5
ORD-10546,2025-05-23,Female,26,Texas,Electronics,235.27,1,235.27,Express,1,5
ORD-10968,2025-05-23,Male,26,Texas,Electronics,244.09,2,488.18,Standard,6,4
ORD-11310,2025-05-23,Female,25,California,Beauty,19.55,4,78.2,Express,1,4
ORD-11369,2025-05-23,Male,43,California,Home & Kitchen,235.66,4,942.64,Express,2,1
ORD-11803,2025-05-23,Female,46,Florida,Sports,109.12,2,218.24,Standard,4,5
ORD-11838,2025-05-23,Female,47,Florida,Clothing,41.22,3,123.66,Express,2,4
ORD-12210,2025-05-23,Female,27,California,Electronics,521.7,1,521.7,Express,3,5
ORD-12569,2025-05-23,Male,20,Georgia,Books,36.38,2,72.76,Standard,3,5
ORD-12644,2025-05-23,Male,68,California,Books,36.37,2,72.74,Standard,3,5
ORD-10341,2025-05-24,Female,47,New York,Books,21.19,3,63.57,Express,3,5
ORD-10362,2025-05-24,Male,22,Texas,Books,14.53,2,29.06,Standard,6,5
ORD-10564,2025-05-24,Female,59,New York,Beauty,22.03,4,88.12,Same Day,0,3
ORD-10621,2025-05-24,Male,30,Texas,Clothing,55.36,2,110.72,Express,3,3
ORD-10653,2025-05-24,Male,30,Washington,Sports,94.75,2,189.5,Express,3,4
ORD-11013,2025-05-24,Female,34,Texas,Beauty,46.69,4,186.76,Express,1,4
ORD-11440,2025-05-24,Male,30,Illinois,Home & Kitchen,52.51,2,105.02,Same Day,0,4
ORD-10480,2025-05-25,Female,55,Illinois,Home & Kitchen,83.79,1,83.79,Standard,3,4
ORD-10900,2025-05-25,Female,39,Georgia,Home & Kitchen,111.73,2,223.46,Standard,8,5
ORD-11045,2025-05-25,Male,36,Florida,Books,11.41,4,45.64,Standard,5,4
ORD-11206,2025-05-25,Female,55,California,Beauty,53.66,3,160.98,Standard,7,3
ORD-11561,2025-05-25,Male,63,New York,Sports,66.95,3,200.85,Standard,8,5
ORD-11819,2025-05-25,Female,44,New York,Home & Kitchen,28.44,3,85.32,Express,2,5
ORD-12710,2025-05-25,Male,48,New York,Electronics,261.17,3,783.51,Express,1,5
ORD-10640,2025-05-26,Male,42,Florida,Sports,151.02,2,302.04,Express,3,5
ORD-10755,2025-05-26,Male,20,Ohio,Clothing,67.14,4,268.56,Standard,3,5
ORD-10976,2025-05-26,Female,39,California,Electronics,123.24,2,246.48,Standard,6,3
ORD-11302,2025-05-26,Female,62,Florida,Beauty,11.74,4,46.96,Standard,8,3
ORD-11553,2025-05-26,Female,31,California,Beauty,43.51,4,174.04,Same Day,0,3
ORD-12141,2025-05-26,Female,25,Washington,Electronics,557.64,4,2230.56,Express,3,5
ORD-12497,2025-05-26,Female,33,Ohio,Sports,72.32,4,289.28,Standard,8,4
ORD-12862,2025-05-26,Male,57,California,Beauty,20.51,1,20.51,Standard,8,5
ORD-10855,2025-05-27,Female,27,California,Electronics,559.14,1,559.14,Standard,5,4
ORD-11510,2025-05-27,Male,45,Texas,Electronics,544.2,2,1088.4,Standard,6,3
ORD-11707,2025-05-27,Female,25,Texas,Electronics,158.86,3,476.58,Express,2,4
ORD-11726,2025-05-27,Male,60,California,Clothing,39.4,2,78.8,Express,2,4
ORD-11983,2025-05-27,Female,23,Washington,Beauty,54.34,4,217.36,Standard,4,4
ORD-12143,2025-05-27,Female,57,California,Clothing,72.67,2,145.34,Standard,4,4
ORD-12945,2025-05-27,Female,68,Illinois,Clothing,24.95,2,49.9,Standard,4,5
ORD-10774,2025-05-28,Male,67,Georgia,Sports,187.5,1,187.5,Standard,5,4
ORD-11742,2025-05-28,Male,51,California,Home & Kitchen,224.14,1,224.14,Standard,5,5
ORD-11806,2025-05-28,Female,46,Washington,Electronics,370.26,1,370.26,Express,3,5
ORD-11813,2025-05-28,Male,68,California,Electronics,472.63,3,1417.89,Express,3,4
ORD-11886,2025-05-28,Female,48,Georgia,Electronics,500.13,1,500.13,Standard,5,4
ORD-11988,2025-05-28,Male,62,Florida,Clothing,59.07,2,118.14,Standard,4,5
ORD-12232,2025-05-28,Female,48,Georgia,Home & Kitchen,63.06,2,126.12,Standard,7,4
ORD-12250,2025-05-28,Male,53,Ohio,Electronics,401.49,2,802.98,Express,3,5
ORD-12715,2025-05-28,Female,59,Texas,Clothing,47.51,2,95.02,Express,1,4
ORD-10281,2025-06-01,Male,62,Georgia,Sports,111.56,3,334.68,Same Day,0,4
ORD-10740,2025-06-01,Female,68,Georgia,Books,31.1,2,62.2,Standard,5,5
ORD-11546,2025-06-01,Female,64,Texas,Beauty,21.42,2,42.84,Standard,4,1
ORD-11728,2025-06-01,Male,34,Illinois,Books,10.84,2,21.68,Standard,8,4
ORD-11785,2025-06-01,Female,33,Washington,Electronics,138.83,3,416.49,Express,1,4
ORD-11881,2025-06-01,Male,22,Georgia,Electronics,321.72,3,965.16,Standard,6,4
ORD-12078,2025-06-01,Male,43,Texas,Clothing,51.87,4,207.48,Express,2,3
ORD-12105,2025-06-01,Male,51,California,Clothing,61.77,1,61.77,Standard,7,5
ORD-12459,2025-06-01,Male,34,Georgia,Beauty,33.76,4,135.04,Standard,6,5
ORD-10240,2025-06-02,Male,22,Washington,Electronics,365.26,1,365.26,Express,2,5
ORD-10490,2025-06-02,Male,57,California,Electronics,436.05,2,872.1,Standard,4,5
ORD-10760,2025-06-02,Female,38,New York,Sports,77.41,1,77.41,Express,3,5
ORD-10893,2025-06-02,Male,40,California,Home & Kitchen,124.83,2,249.66,Standard,4,3
ORD-12192,2025-06-02,Male,44,California,Clothing,68.53,3,205.59,Standard,5,4
ORD-12504,2025-06-02,Male,24,Illinois,Beauty,35.86,1,35.86,Standard,5,5
ORD-12638,2025-06-02,Female,42,Illinois,Electronics,254.71,2,509.42,Standard,6,3
ORD-10987,2025-06-03,Female,68,Ohio,Clothing,75.32,1,75.32,Standard,4,4
ORD-11300,2025-06-03,Male,33,Ohio,Home & Kitchen,101.75,4,407.0,Standard,5,5
ORD-11429,2025-06-03,Female,38,New York,Clothing,86.63,3,259.89,Standard,8,4
ORD-11465,2025-06-03,Male,61,Florida,Home & Kitchen,55.77,2,111.54,Express,3,3
ORD-11558,2025-06-03,Female,36,Florida,Books,31.19,3,93.57,Express,1,5
ORD-11810,2025-06-03,Female,43,Georgia,Electronics,574.71,1,574.71,Standard,8,4
ORD-11887,2025-06-03,Male,63,Texas,Clothing,36.56,3,109.68,Standard,3,4
ORD-12594,2025-06-03,Male,59,California,Electronics,321.42,1,321.42,Standard,8,5
ORD-12734,2025-06-03,Male,60,Texas,Beauty,44.25,3,132.75,Standard,4,4
ORD-12881,2025-06-03,Female,31,California,Home & Kitchen,200.74,2,401.48,Express,2,4
ORD-12911,2025-06-03,Male,61,California,Clothing,71.05,3,213.15,Same Day,0,3
ORD-10210,2025-06-04,Male,69,Texas,Electronics,401.33,3,1203.99,Express,1,4
ORD-10463,2025-06-04,Female,45,New York,Beauty,48.48,3,145.44,Standard,8,5
ORD-10692,2025-06-04,Female,44,California,Beauty,37.71,2,75.42,Standard,6,4
ORD-10831,2025-06-04,Female,64,California,Clothing,47.72,3,143.16,Same Day,0,5
ORD-11286,2025-06-04,Female,26,Texas,Beauty,38.07,1,38.07,Express,1,5
ORD-12136,2025-06-04,Female,55,Illinois,Electronics,534.06,1,534.06,Express,3,5
ORD-12221,2025-06-04,Male,48,Texas,Home & Kitchen,26.26,2,52.52,Standard,5,4
ORD-12777,2025-06-04,Male,21,Texas,Clothing,85.02,1,85.02,Express,3,5
ORD-10647,2025-06-05,Male,66,Texas,Beauty,43.98,4,175.92,Express,1,3
ORD-11230,2025-06-05,Female,57,Georgia,Electronics,411.91,3,1235.73,Standard,3,5
ORD-11584,2025-06-05,Male,46,Texas,Clothing,45.2,4,180.8,Standard,3,4
ORD-12025,2025-06-05,Male,30,Illinois,Electronics,138.49,3,415.47,Standard,7,5
ORD-12285,2025-06-05,Female,18,California,Electronics,526.58,1,526.58,Express,2,4
ORD-10311,2025-06-06,Female,55,Florida,Sports,64.4,1,64.4,Express,2,4
ORD-11526,2025-06-06,Female,57,Florida,Electronics,572.65,4,2290.6,Standard,4,4
ORD-11611,2025-06-06,Female,25,Illinois,Electronics,574.58,2,1149.16,Standard,5,2
ORD-11995,2025-06-06,Female,24,Georgia,Electronics,230.77,3,692.31,Standard,6,3
ORD-12119,2025-06-06,Male,19,Texas,Books,24.38,1,24.38,Standard,4,3
ORD-12140,2025-06-06,Male,22,California,Sports,92.57,2,185.14,Standard,3,5
ORD-12822,2025-06-06,Female,28,Illinois,Home & Kitchen,179.54,3,538.62,Standard,4,5
ORD-12961,2025-06-06,Female,25,California,Clothing,83.19,3,249.57,Standard,4,5
ORD-12962,2025-06-06,Male,37,Illinois,Electronics,543.93,4,2175.72,Standard,6,4
ORD-10127,2025-06-07,Female,59,Illinois,Sports,238.93,1,238.93,Standard,5,3
ORD-11514,2025-06-07,Female,37,Washington,Sports,160.72,4,642.88,Standard,5,4
ORD-11788,2025-06-07,Female,55,Georgia,Home & Kitchen,201.57,2,403.14,Express,1,3
ORD-12008,2025-06-07,Male,19,Florida,Beauty,17.92,3,53.76,Standard,8,4
ORD-12230,2025-06-07,Female,62,Texas,Beauty,42.98,2,85.96,Standard,5,4
ORD-12900,2025-06-07,Female,29,Georgia,Clothing,35.3,4,141.2,Standard,3,5
ORD-10230,2025-06-08,Male,36,California,Electronics,194.53,2,389.06,Standard,4,5
ORD-10249,2025-06-08,Female,53,Ohio,Clothing,43.88,1,43.88,Standard,5,3
ORD-10844,2025-06-08,Female,50,Illinois,Home & Kitchen,36.03,2,72.06,Standard,3,1
ORD-11097,2025-06-08,Female,50,Illinois,Books,7.83,3,23.49,Standard,4,4
ORD-11218,2025-06-08,Male,33,Texas,Beauty,20.76,2,41.52,Standard,5,5
ORD-11576,2025-06-08,Female,47,Florida,Home & Kitchen,247.05,4,988.2,Same Day,0,5
ORD-11770,2025-06-08,Female,58,Texas,Electronics,413.32,4,1653.28,Express,2,5
ORD-12047,2025-06-08,Female,65,California,Books,38.11,2,76.22,Express,2,5
ORD-12422,2025-06-08,Male,53,Ohio,Clothing,53.29,1,53.29,Express,1,4
ORD-12660,2025-06-08,Male,29,Georgia,Clothing,49.87,3,149.61,Express,1,4
ORD-12779,2025-06-08,Male,24,Florida,Electronics,140.49,3,421.47,Express,3,4
ORD-12931,2025-06-08,Male,32,New York,Home & Kitchen,109.64,3,328.92,Same Day,0,4
ORD-12986,2025-06-08,Female,38,New York,Clothing,83.49,4,333.96,Express,3,4
ORD-10486,2025-06-09,Female,51,Illinois,Beauty,46.85,3,140.55,Same Day,0,4
ORD-10682,2025-06-09,Female,68,California,Electronics,542.12,1,542.12,Express,3,4
ORD-10832,2025-06-09,Male,19,Texas,Electronics,346.51,3,1039.53,Standard,5,4
ORD-11131,2025-06-09,Female,56,California,Clothing,32.93,1,32.93,Standard,6,4
ORD-11382,2025-06-09,Female,28,Washington,Clothing,73.3,3,219.9,Express,1,4
ORD-11437,2025-06-09,Female,21,New York,Clothing,44.79,2,89.58,Standard,7,4
ORD-11612,2025-06-09,Male,68,Ohio,Beauty,34.77,3,104.31,Same Day,0,3
ORD-12152,2025-06-09,Female,42,Georgia,Home & Kitchen,104.3,3,312.9,Standard,4,3
ORD-12383,2025-06-09,Male,23,California,Home & Kitchen,176.6,4,706.4,Express,1,4
ORD-10054,2025-06-10,Male,18,California,Clothing,51.22,3,153.66,Standard,3,4
ORD-10245,2025-06-10,Female,22,Georgia,Electronics,199.73,3,599.19,Standard,4,3
ORD-10317,2025-06-10,Female,46,California,Books,32.72,1,32.72,Standard,6,5
ORD-10864,2025-06-10,Male,45,Texas,Clothing,56.98,2,113.96,Standard,7,5
ORD-11853,2025-06-10,Male,35,Texas,Books,31.31,1,31.31,Standard,4,4
ORD-11911,2025-06-10,Female,21,Texas,Electronics,255.55,4,1022.2,Standard,5,4
ORD-10036,2025-06-11,Male,28,New York,Beauty,43.13,4,172.52,Standard,4,3
ORD-10053,2025-06-11,Male,52,Florida,Beauty,57.39,4,229.56,Same Day,0,5
ORD-10254,2025-06-11,Female,28,Florida,Beauty,41.98,4,167.92,Standard,5,3
ORD-10465,2025-06-11,Male,31,Texas,Clothing,41.41,2,82.82,Standard,6,4
ORD-10594,2025-06-11,Male,67,Ohio,Sports,66.55,1,66.55,Standard,7,5
ORD-11347,2025-06-11,Female,59,Illinois,Clothing,68.81,2,137.62,Express,3,5
ORD-11491,2025-06-11,Female,53,New York,Home & Kitchen,183.61,3,550.83,Express,2,3
ORD-11687,2025-06-11,Female,26,California,Beauty,55.33,4,221.32,Same Day,0,5
ORD-12266,2025-06-11,Female,25,New York,Beauty,48.32,2,96.64,Standard,3,5
ORD-12372,2025-06-11,Male,44,Georgia,Beauty,30.84,2,61.68,Standard,4,3
ORD-12740,2025-06-11,Male,37,Florida,Sports,95.04,4,380.16,Standard,7,5
ORD-12904,2025-06-11,Female,33,Texas,Sports,187.75,1,187.75,Standard,4,3
ORD-10108,2025-06-12,Male,25,California,Sports,69.31,3,207.93,Standard,8,5
ORD-10366,2025-06-12,Female,58,New York,Electronics,292.58,4,1170.32,Express,2,5
ORD-10644,2025-06-12,Male,22,Georgia,Beauty,12.49,3,37.47,Same Day,0,2
ORD-11340,2025-06-12,Female,43,Washington,Electronics,574.38,1,574.38,Express,3,5
ORD-12180,2025-06-12,Female,22,New York,Home & Kitchen,105.03,4,420.12,Express,1,4
ORD-12204,2025-06-12,Female,59,New York,Sports,298.6,2,597.2,Express,1,4
ORD-10057,2025-06-13,Female,41,California,Clothing,18.02,1,18.02,Standard,4,5
ORD-10520,2025-06-13,Male,53,California,Books,10.54,2,21.08,Standard,8,4
ORD-11443,2025-06-13,Female,65,New York,Beauty,16.97,2,33.94,Standard,5,2
ORD-11604,2025-06-13,Female,51,California,Electronics,203.57,3,610.71,Standard,6,3
ORD-12154,2025-06-13,Male,55,California,Sports,229.13,4,916.52,Standard,3,5
ORD-12312,2025-06-13,Male,65,Texas,Beauty,26.35,4,105.4,Express,2,5
ORD-12609,2025-06-13,Male,61,Texas,Clothing,76.77,2,153.54,Standard,8,5
ORD-10314,2025-06-14,Male,18,New York,Books,38.31,2,76.62,Same Day,0,4
ORD-10870,2025-06-14,Female,42,New York,Sports,114.03,4,456.12,Standard,4,5
ORD-12087,2025-06-14,Male,32,New York,Clothing,63.44,3,190.32,Standard,6,5
ORD-12415,2025-06-14,Female,31,New York,Books,19.99,2,39.98,Same Day,0,5
ORD-12473,2025-06-14,Male,68,New York,Electronics,482.19,3,1446.57,Standard,4,4
ORD-12601,2025-06-14,Female,56,Texas,Books,7.07,2,14.14,Standard,8,5
ORD-10097,2025-06-15,Male,39,New York,Clothing,45.46,2,90.92,Standard,5,5
ORD-10789,2025-06-15,Female,58,Washington,Clothing,20.67,1,20.67,Express,2,4
ORD-11055,2025-06-15,Male,65,Texas,Clothing,75.24,4,300.96,Express,1,4
ORD-11154,2025-06-15,Female,33,California,Electronics,213.13,3,639.39,Same Day,0,3
ORD-11331,2025-06-15,Female,20,Washington,Clothing,54.92,2,109.84,Standard,8,3
ORD-11842,2025-06-15,Female,32,Illinois,Clothing,30.52,2,61.04,Express,2,5
ORD-10105,2025-06-16,Male,69,Florida,Beauty,26.56,3,79.68,Standard,4,3
ORD-10129,2025-06-16,Male,43,New York,Sports,299.74,1,299.74,Express,3,5
ORD-10250,2025-06-16,Female,51,California,Clothing,84.49,1,84.49,Standard,5,1
ORD-10457,2025-06-16,Male,44,California,Clothing,65.82,2,131.64,Express,3,4
ORD-10459,2025-06-16,Female,38,Georgia,Electronics,319.52,3,958.56,Express,1,4
ORD-10484,2025-06-16,Female,36,Texas,Clothing,37.09,3,111.27,Express,2,4
ORD-11454,2025-06-16,Female,57,Georgia,Books,10.93,4,43.72,Standard,3,4
ORD-11518,2025-06-16,Female,18,Florida,Clothing,83.17,3,249.51,Standard,4,3
ORD-11630,2025-06-16,Male,63,California,Electronics,589.11,2,1178.22,Standard,8,4
ORD-12825,2025-06-16,Male,23,Ohio,Electronics,584.09,4,2336.36,Same Day,0,4
ORD-10050,2025-06-17,Female,53,Texas,Clothing,77.3,2,154.6,Standard,8,5
ORD-10156,2025-06-17,Female,65,Illinois,Sports,133.04,4,532.16,Same Day,0,4
ORD-10699,2025-06-17,Male,36,Washington,Sports,32.84,4,131.36,Standard,7,5
ORD-11261,2025-06-17,Male,38,New York,Beauty,20.53,2,41.06,Express,1,5
ORD-11321,2025-06-17,Female,69,Washington,Home & Kitchen,166.95,4,667.8,Express,3,5
ORD-11351,2025-06-17,Female,61,Texas,Electronics,130.91,1,130.91,Express,3,5
ORD-11777,2025-06-17,Male,30,Florida,Clothing,27.6,1,27.6,Standard,7,5
ORD-11966,2025-06-17,Male,24,New York,Sports,255.04,3,765.12,Express,3,3
ORD-12809,2025-06-17,Male,48,Washington,Sports,165.3,3,495.9,Express,3,5
ORD-10299,2025-06-18,Male,38,Illinois,Clothing,49.5,1,49.5,Same Day,0,5
ORD-10306,2025-06-18,Male,21,Georgia,Clothing,34.87,2,69.74,Standard,3,5
ORD-10602,2025-06-18,Male,28,New York,Clothing,67.89,4,271.56,Express,3,4
ORD-10716,2025-06-18,Male,25,Florida,Home & Kitchen,68.86,1,68.86,Standard,5,3
ORD-10818,2025-06-18,Female,43,California,Books,29.33,3,87.99,Standard,7,5
ORD-11094,2025-06-18,Male,42,California,Electronics,335.69,4,1342.76,Standard,8,5
ORD-11137,2025-06-18,Female,68,California,Electronics,186.57,2,373.14,Express,3,4
ORD-11289,2025-06-18,Female,18,Florida,Beauty,13.85,1,13.85,Express,1,5
ORD-11850,2025-06-18,Female,24,California,Books,19.11,2,38.22,Express,1,4
ORD-11878,2025-06-18,Female,34,Illinois,Home & Kitchen,77.51,3,232.53,Standard,5,4
ORD-11940,2025-06-18,Female,35,Georgia,Beauty,28.46,2,56.92,Standard,6,4
ORD-12297,2025-06-18,Male,28,California,Clothing,44.74,2,89.48,Express,1,3
ORD-10471,2025-06-19,Female,35,New York,Books,12.79,1,12.79,Express,1,1
ORD-10506,2025-06-19,Female,40,Washington,Home & Kitchen,22.8,1,22.8,Standard,7,4
ORD-11208,2025-06-19,Male,62,California,Electronics,458.09,4,1832.36,Standard,6,3
ORD-11231,2025-06-19,Female,37,Georgia,Electronics,440.09,1,440.09,Standard,3,4
ORD-11416,2025-06-19,Male,19,California,Electronics,561.63,2,1123.26,Standard,8,4
ORD-11644,2025-06-19,Male,46,Illinois,Clothing,80.19,4,320.76,Same Day,0,5
ORD-11677,2025-06-19,Female,44,Ohio,Home & Kitchen,26.6,3,79.8,Same Day,0,5
ORD-11804,2025-06-19,Female,69,New York,Sports,235.81,2,471.62,Express,2,5
ORD-11814,2025-06-19,Female,51,Florida,Beauty,34.54,1,34.54,Standard,8,4
ORD-12174,2025-06-19,Male,61,Washington,Clothing,28.29,3,84.87,Standard,8,5
ORD-12621,2025-06-19,Female,59,Illinois,Electronics,598.28,2,1196.56,Standard,6,4
ORD-12656,2025-06-19,Male,66,Illinois,Books,39.83,3,119.49,Express,3,4
ORD-12765,2025-06-19,Male,39,California,Home & Kitchen,170.33,2,340.66,Same Day,0,3
ORD-12820,2025-06-19,Female,39,California,Electronics,477.33,4,1909.32,Standard,6,5
ORD-12928,2025-06-19,Female,45,Ohio,Electronics,198.17,3,594.51,Standard,4,4
ORD-10729,2025-06-20,Female,55,Illinois,Clothing,46.96,2,93.92,Standard,7,5
ORD-10811,2025-06-20,Male,58,California,Clothing,38.22,2,76.44,Standard,5,5
ORD-11273,2025-06-20,Male,59,Texas,Sports,126.16,3,378.48,Express,2,3
ORD-11357,2025-06-20,Female,26,Georgia,Electronics,558.34,2,1116.68,Standard,7,3
ORD-11420,2025-06-20,Male,57,Ohio,Sports,84.67,4,338.68,Standard,8,5
ORD-11571,2025-06-20,Male,62,New York,Home & Kitchen,236.05,4,944.2,Same Day,0,2
ORD-11760,2025-06-20,Female,39,New York,Clothing,16.16,3,48.48,Express,3,4
ORD-12295,2025-06-20,Female,28,New York,Home & Kitchen,242.25,4,969.0,Same Day,0,1
ORD-10400,2025-06-21,Male,64,Illinois,Beauty,18.72,3,56.16,Express,1,5
ORD-11364,2025-06-21,Male,48,Georgia,Clothing,38.28,1,38.28,Standard,6,2
ORD-10094,2025-06-22,Female,53,California,Home & Kitchen,40.26,2,80.52,Express,3,5
ORD-10966,2025-06-22,Male,41,Florida,Electronics,369.6,2,739.2,Standard,4,4
ORD-11605,2025-06-22,Female,55,Texas,Home & Kitchen,200.82,2,401.64,Standard,5,5
ORD-11960,2025-06-22,Male,47,Georgia,Home & Kitchen,221.68,2,443.36,Standard,3,3
ORD-12044,2025-06-22,Male,22,California,Sports,194.79,1,194.79,Express,2,4
ORD-12262,2025-06-22,Female,30,California,Home & Kitchen,59.56,3,178.68,Same Day,0,5
ORD-12354,2025-06-22,Female,45,New York,Books,34.32,2,68.64,Standard,3,5
ORD-12496,2025-06-22,Male,36,Florida,Home & Kitchen,98.38,4,393.52,Standard,8,4
ORD-11089,2025-06-23,Female,60,Georgia,Electronics,512.29,4,2049.16,Standard,8,5
ORD-12343,2025-06-23,Female,42,Texas,Books,28.87,2,57.74,Express,1,5
ORD-12490,2025-06-23,Male,27,Georgia,Sports,240.18,2,480.36,Express,2,4
ORD-12657,2025-06-23,Male,38,Illinois,Home & Kitchen,112.26,2,224.52,Express,3,4
ORD-12863,2025-06-23,Male,20,New York,Clothing,55.35,4,221.4,Same Day,0,3
ORD-10087,2025-06-24,Male,46,Florida,Electronics,175.17,3,525.51,Express,1,5
ORD-10132,2025-06-24,Female,54,Florida,Sports,212.71,3,638.13,Express,2,5
ORD-10157,2025-06-24,Female,20,Texas,Sports,37.2,2,74.4,Express,3,4
ORD-10274,2025-06-24,Female,19,Ohio,Beauty,22.88,3,68.64,Standard,6,3
ORD-10349,2025-06-24,Male,46,California,Clothing,61.16,1,61.16,Standard,4,3
ORD-10545,2025-06-24,Female,26,New York,Books,19.16,4,76.64,Standard,5,4
ORD-10764,2025-06-24,Female,29,Texas,Electronics,415.64,3,1246.92,Express,3,5
ORD-10980,2025-06-24,Male,49,California,Books,33.22,2,66.44,Same Day,0,4
ORD-10986,2025-06-24,Male,26,Ohio,Clothing,21.49,3,64.47,Standard,6,5
ORD-11150,2025-06-24,Female,41,Florida,Clothing,16.36,2,32.72,Standard,5,5
ORD-11222,2025-06-24,Male,68,California,Clothing,32.41,2,64.82,Express,2,2
ORD-11661,2025-06-24,Female,33,Texas,Beauty,51.21,1,51.21,Standard,5,4
ORD-11671,2025-06-24,Female,36,California,Sports,227.79,4,911.16,Express,1,5
ORD-11749,2025-06-24,Female,67,New York,Books,26.54,2,53.08,Standard,5,5
ORD-11767,2025-06-24,Male,66,Florida,Clothing,65.51,3,196.53,Same Day,0,3
ORD-12170,2025-06-24,Male,58,Georgia,Home & Kitchen,86.27,2,172.54,Express,3,4
ORD-10814,2025-06-25,Female,23,Illinois,Sports,65.35,3,196.05,Standard,7,4
ORD-10892,2025-06-25,Male,55,Florida,Electronics,423.24,3,1269.72,Express,1,4
ORD-11590,2025-06-25,Female,31,Texas,Clothing,26.33,1,26.33,Express,3,4
ORD-11610,2025-06-25,Female,33,Washington,Sports,195.74,4,782.96,Standard,8,2
ORD-11816,2025-06-25,Male,62,Florida,Electronics,498.5,3,1495.5,Standard,5,5
ORD-11845,2025-06-25,Female,33,California,Beauty,15.31,1,15.31,Standard,6,3
ORD-12079,2025-06-25,Female,21,California,Electronics,342.41,4,1369.64,Standard,4,3
ORD-12477,2025-06-25,Female,37,Ohio,Home & Kitchen,159.79,1,159.79,Same Day,0,4
ORD-12686,2025-06-25,Male,57,Georgia,Electronics,474.09,2,948.18,Standard,6,3
ORD-10417,2025-06-26,Female,24,Ohio,Electronics,340.24,3,1020.72,Standard,8,4
ORD-10863,2025-06-26,Male,19,California,Clothing,60.24,2,120.48,Express,2,4
ORD-11332,2025-06-26,Female,23,Washington,Books,22.12,3,66.36,Standard,3,4
ORD-11515,2025-06-26,Female,22,New York,Home & Kitchen,74.69,2,149.38,Standard,8,4
ORD-12392,2025-06-26,Female,61,Ohio,Sports,137.2,3,411.6,Standard,5,5
ORD-11029,2025-06-27,Male,44,Ohio,Electronics,359.54,3,1078.62,Same Day,0,4
ORD-11277,2025-06-27,Female,65,Florida,Clothing,65.57,2,131.14,Standard,4,5
ORD-11417,2025-06-27,Female,60,Texas,Beauty,19.89,1,19.89,Standard,7,4
ORD-11774,2025-06-27,Male,24,Florida,Electronics,420.3,2,840.6,Standard,5,5
ORD-12016,2025-06-27,Male,63,California,Clothing,53.9,4,215.6,Standard,7,4
ORD-12420,2025-06-27,Female,57,Florida,Electronics,276.65,3,829.95,Standard,6,5
ORD-12839,2025-06-27,Male,68,Ohio,Electronics,484.05,3,1452.15,Standard,5,5
ORD-12988,2025-06-27,Male,21,California,Home & Kitchen,54.52,4,218.08,Standard,8,5
ORD-11338,2025-06-28,Male,61,Illinois,Home & Kitchen,140.64,3,421.92,Standard,8,4
ORD-11386,2025-06-28,Male,69,Texas,Home & Kitchen,39.93,4,159.72,Standard,6,4
ORD-11876,2025-06-28,Male,23,Florida,Beauty,26.79,4,107.16,Standard,3,4
ORD-12147,2025-06-28,Female,45,Washington,Electronics,421.85,1,421.85,Standard,5,5
ORD-10485,2025-07-01,Female,21,California,Home & Kitchen,227.13,1,227.13,Express,3,4
ORD-11316,2025-07-01,Female,27,New York,Home & Kitchen,184.26,2,368.52,Standard,7,4
ORD-11436,2025-07-01,Male,38,Texas,Home & Kitchen,43.02,4,172.08,Express,3,2
ORD-11713,2025-07-01,Male,69,New York,Home & Kitchen,175.22,1,175.22,Express,1,4
ORD-11843,2025-07-01,Male,38,Florida,Sports,221.34,2,442.68,Same Day,0,3
ORD-11884,2025-07-01,Female,31,California,Home & Kitchen,249.69,1,249.69,Standard,7,5
ORD-12446,2025-07-01,Male,60,New York,Books,33.58,1,33.58,Standard,6,2
ORD-12493,2025-07-01,Female,24,Texas,Home & Kitchen,160.36,4,641.44,Standard,3,4
ORD-12654,2025-07-01,Female,45,Texas,Clothing,68.73,4,274.92,Standard,3,4
ORD-12816,2025-07-01,Male,58,Illinois,Clothing,67.03,1,67.03,Standard,6,5
ORD-10088,2025-07-02,Male,62,Georgia,Home & Kitchen,221.52,1,221.52,Same Day,0,4
ORD-11187,2025-07-02,Female,35,New York,Electronics,488.46,4,1953.84,Same Day,0,4
ORD-12132,2025-07-02,Female,29,California,Sports,44.07,2,88.14,Standard,3,4
ORD-12321,2025-07-02,Male,22,Washington,Sports,219.11,1,219.11,Standard,5,5
ORD-12365,2025-07-02,Female,22,Georgia,Clothing,24.0,4,96.0,Express,1,1
ORD-12523,2025-07-02,Female,58,Illinois,Books,11.58,2,23.16,Express,2,5
ORD-12602,2025-07-02,Male,66,California,Home & Kitchen,142.25,2,284.5,Express,3,5
ORD-12797,2025-07-02,Female,51,New York,Sports,222.46,3,667.38,Express,3,4
ORD-12946,2025-07-02,Female,42,Texas,Books,7.17,2,14.34,Standard,4,4
ORD-12998,2025-07-02,Male,58,Florida,Beauty,14.69,3,44.07,Standard,5,4
ORD-10102,2025-07-03,Male,29,Washington,Books,30.81,3,92.43,Express,2,5
ORD-10426,2025-07-03,Female,37,Texas,Electronics,466.63,3,1399.89,Standard,8,5
ORD-10560,2025-07-03,Male,28,California,Books,20.76,4,83.04,Express,1,5
ORD-11043,2025-07-03,Female,58,Florida,Electronics,292.22,3,876.66,Standard,8,2
ORD-11389,2025-07-03,Male,54,Ohio,Clothing,74.57,4,298.28,Standard,4,4
ORD-12645,2025-07-03,Male,44,Florida,Books,13.49,3,40.47,Express,2,4
ORD-12718,2025-07-03,Female,48,California,Beauty,34.63,3,103.89,Standard,4,4
ORD-12851,2025-07-03,Male,69,Ohio,Beauty,22.17,2,44.34,Standard,7,5
ORD-12859,2025-07-03,Female,21,Florida,Home & Kitchen,141.1,2,282.2,Express,1,4
ORD-10144,2025-07-04,Male,59,Florida,Clothing,62.23,3,186.69,Standard,5,4
ORD-10170,2025-07-04,Female,29,Florida,Home & Kitchen,47.38,1,47.38,Same Day,0,3
ORD-10688,2025-07-04,Male,35,Georgia,Books,30.16,2,60.32,Standard,7,4
ORD-10920,2025-07-04,Male,68,Washington,Clothing,51.78,1,51.78,Same Day,0,5
ORD-11073,2025-07-04,Female,28,California,Clothing,65.44,3,196.32,Standard,7,4
ORD-11159,2025-07-04,Male,53,Ohio,Electronics,222.98,3,668.94,Express,2,4
ORD-11717,2025-07-04,Female,57,California,Clothing,60.2,1,60.2,Standard,4,1
ORD-11968,2025-07-04,Male,52,Washington,Electronics,351.2,2,702.4,Standard,7,4
ORD-12121,2025-07-04,Female,32,Florida,Books,11.21,3,33.63,Express,1,4
ORD-12556,2025-07-04,Male,35,Washington,Clothing,24.49,1,24.49,Standard,7,5
ORD-12743,2025-07-04,Female,40,Georgia,Clothing,21.6,3,64.8,Standard,3,3
ORD-10427,2025-07-05,Female,18,Florida,Clothing,89.07,3,267.21,Express,1,4
ORD-10656,2025-07-05,Male,49,Ohio,Clothing,52.95,4,211.8,Standard,4,5
ORD-10813,2025-07-05,Male,52,Texas,Sports,259.17,2,518.34,Standard,4,5
ORD-11268,2025-07-05,Female,34,Illinois,Electronics,274.91,3,824.73,Same Day,0,4
ORD-11618,2025-07-05,Female,63,Georgia,Clothing,34.73,4,138.92,Express,1,5
ORD-11641,2025-07-05,Female,51,Florida,Sports,41.26,2,82.52,Standard,4,3
ORD-11733,2025-07-05,Male,21,Georgia,Home & Kitchen,99.51,2,199.02,Standard,3,4
ORD-11865,2025-07-05,Female,22,New York,Home & Kitchen,105.2,4,420.8,Standard,5,5
ORD-12436,2025-07-05,Female,43,Texas,Beauty,11.11,1,11.11,Standard,5,5
ORD-12670,2025-07-05,Male,41,Ohio,Books,27.51,4,110.04,Express,2,2
ORD-12940,2025-07-05,Male,50,Texas,Clothing,59.28,4,237.12,Standard,4,3
ORD-10414,2025-07-06,Male,62,Texas,Electronics,485.63,2,971.26,Standard,8,5
ORD-10455,2025-07-06,Male,35,Texas,Home & Kitchen,100.62,2,201.24,Standard,3,2
ORD-10547,2025-07-06,Female,38,Illinois,Sports,168.36,1,168.36,Standard,8,4
ORD-10674,2025-07-06,Male,28,Texas,Electronics,311.82,1,311.82,Standard,5,3
ORD-10731,2025-07-06,Female,45,Washington,Electronics,523.86,1,523.86,Standard,8,4
ORD-10803,2025-07-06,Male,45,Washington,Beauty,37.53,4,150.12,Standard,5,5
ORD-10946,2025-07-06,Female,21,Texas,Clothing,87.81,3,263.43,Standard,6,5
ORD-11022,2025-07-06,Male,52,Ohio,Electronics,386.73,4,1546.92,Express,3,3
ORD-11342,2025-07-06,Male,44,California,Beauty,38.35,2,76.7,Standard,8,5
ORD-11544,2025-07-06,Male,23,New York,Home & Kitchen,61.37,2,122.74,Standard,6,4
ORD-11656,2025-07-06,Male,20,New York,Electronics,469.48,3,1408.44,Standard,4,4
ORD-11735,2025-07-06,Female,41,California,Clothing,30.01,4,120.04,Standard,8,3
ORD-11791,2025-07-06,Female,59,New York,Clothing,38.77,2,77.54,Express,1,1
ORD-12216,2025-07-06,Male,35,Texas,Electronics,410.35,1,410.35,Express,2,3
ORD-12386,2025-07-06,Female,39,Georgia,Electronics,353.02,3,1059.06,Express,2,3
ORD-12394,2025-07-06,Female,67,Texas,Home & Kitchen,85.46,4,341.84,Standard,5,5
ORD-10305,2025-07-07,Female,51,California,Beauty,43.53,2,87.06,Express,2,5
ORD-10343,2025-07-07,Male,56,Florida,Sports,123.13,3,369.39,Standard,5,3
ORD-10568,2025-07-07,Male,49,Texas,Electronics,335.26,2,670.52,Standard,6,5
ORD-10714,2025-07-07,Female,43,Florida,Clothing,83.92,1,83.92,Express,2,5
ORD-11023,2025-07-07,Female,37,Florida,Electronics,425.1,4,1700.4,Standard,6,4
ORD-11119,2025-07-07,Female,44,Ohio,Clothing,48.93,3,146.79,Express,3,2
ORD-11400,2025-07-07,Female,65,Georgia,Electronics,392.4,4,1569.6,Standard,7,4
ORD-11663,2025-07-07,Female,30,Texas,Home & Kitchen,111.15,3,333.45,Standard,7,5
ORD-11665,2025-07-07,Male,63,Washington,Electronics,347.63,3,1042.89,Express,1,3
ORD-12326,2025-07-07,Male,35,California,Sports,224.55,3,673.65,Express,1,4
ORD-12728,2025-07-07,Male,53,Washington,Sports,182.71,1,182.71,Standard,4,1
ORD-10147,2025-07-08,Female,19,California,Clothing,51.77,2,103.54,Standard,3,3
ORD-10272,2025-07-08,Male,48,Texas,Home & Kitchen,57.99,4,231.96,Standard,7,4
ORD-10307,2025-07-08,Female,54,New York,Home & Kitchen,122.11,3,366.33,Standard,6,5
ORD-10562,2025-07-08,Female,47,Ohio,Clothing,77.42,3,232.26,Express,1,5
ORD-10664,2025-07-08,Female,47,Georgia,Clothing,23.33,3,69.99,Standard,6,4
ORD-11053,2025-07-08,Female,65,California,Clothing,72.52,4,290.08,Express,2,3
ORD-11078,2025-07-08,Female,52,Texas,Beauty,41.84,2,83.68,Same Day,0,5
ORD-11282,2025-07-08,Male,68,Ohio,Electronics,130.03,4,520.12,Express,3,5
ORD-11291,2025-07-08,Female,61,New York,Home & Kitchen,219.47,4,877.88,Standard,8,4
ORD-11696,2025-07-08,Female,46,New York,Books,8.91,2,17.82,Standard,7,5
ORD-12735,2025-07-08,Male,37,California,Books,28.71,2,57.42,Standard,6,5
ORD-12810,2025-07-08,Female,50,California,Sports,137.97,3,413.91,Standard,6,5
ORD-10599,2025-07-09,Male,26,Georgia,Beauty,41.4,1,41.4,Same Day,0,4
ORD-10613,2025-07-09,Female,26,Texas,Electronics,558.48,1,558.48,Standard,6,5
ORD-11394,2025-07-09,Female,18,Florida,Electronics,228.33,2,456.66,Standard,4,3
ORD-11396,2025-07-09,Female,24,California,Electronics,409.58,3,1228.74,Standard,3,5
ORD-11734,2025-07-09,Female,26,California,Electronics,285.29,2,570.58,Standard,4,4
ORD-12059,2025-07-09,Male,53,Florida,Clothing,20.69,4,82.76,Standard,7,3
ORD-12130,2025-07-09,Female,38,New York,Home & Kitchen,154.68,4,618.72,Express,2,5
ORD-12798,2025-07-09,Male,35,Illinois,Electronics,516.53,3,1549.59,Express,1,4
ORD-12893,2025-07-09,Female,66,Ohio,Electronics,183.62,1,183.62,Same Day,0,5
ORD-10331,2025-07-10,Male,40,California,Beauty,27.5,3,82.5,Standard,5,5
ORD-10569,2025-07-10,Female,65,New York,Beauty,34.71,1,34.71,Express,1,5
ORD-10687,2025-07-10,Female,44,California,Clothing,57.08,2,114.16,Standard,7,4
ORD-10941,2025-07-10,Female,31,Washington,Electronics,415.88,4,1663.52,Express,3,4
ORD-11975,2025-07-10,Female,32,Illinois,Home & Kitchen,68.36,3,205.08,Express,2,2
ORD-12304,2025-07-10,Male,21,New York,Home & Kitchen,91.55,3,274.65,Express,2,5
ORD-12410,2025-07-10,Male,47,Illinois,Clothing,18.77,1,18.77,Standard,3,5
ORD-12927,2025-07-10,Male,25,Florida,Books,25.15,2,50.3,Express,1,5
ORD-10026,2025-07-11,Female,22,California,Clothing,81.31,2,162.62,Express,3,5
ORD-10092,2025-07-11,Male,18,Washington,Beauty,39.77,4,159.08,Express,3,5
ORD-10436,2025-07-11,Male,49,California,Electronics,492.77,3,1478.31,Express,3,5
ORD-10769,2025-07-11,Female,47,Florida,Home & Kitchen,216.38,4,865.52,Standard,5,4
ORD-10874,2025-07-11,Male,42,Ohio,Home & Kitchen,163.4,1,163.4,Express,3,3
ORD-11530,2025-07-11,Female,55,California,Beauty,46.21,2,92.42,Standard,7,4
ORD-11676,2025-07-11,Female,35,California,Home & Kitchen,108.7,3,326.1,Standard,3,5
ORD-12433,2025-07-11,Male,36,Florida,Home & Kitchen,49.2,1,49.2,Standard,8,5
ORD-12489,2025-07-11,Female,65,Illinois,Electronics,439.35,3,1318.05,Standard,5,1
ORD-12580,2025-07-11,Male,19,Illinois,Electronics,427.47,2,854.94,Standard,5,5
ORD-12596,2025-07-11,Male,24,Illinois,Electronics,231.79,4,927.16,Express,1,3
ORD-10515,2025-07-12,Female,58,California,Beauty,40.35,2,80.7,Standard,5,4
ORD-10607,2025-07-12,Female,25,Texas,Electronics,548.32,4,2193.28,Express,3,4
ORD-11469,2025-07-12,Female,41,Washington,Electronics,170.26,2,340.52,Standard,7,5
ORD-12909,2025-07-12,Male,52,Washington,Beauty,9.66,4,38.64,Express,1,5
ORD-10781,2025-07-13,Female,43,Georgia,Books,22.33,1,22.33,Standard,7,4
ORD-10816,2025-07-13,Female,66,Illinois,Books,28.72,3,86.16,Express,2,4
ORD-10956,2025-07-13,Male,21,Illinois,Electronics,285.31,3,855.93,Express,3,2
ORD-11145,2025-07-13,Female,56,Washington,Electronics,478.1,3,1434.3,Standard,8,5
ORD-11533,2025-07-13,Male,47,California,Home & Kitchen,191.72,2,383.44,Standard,5,5
ORD-10066,2025-07-14,Male,27,Florida,Sports,152.36,4,609.44,Standard,3,4
ORD-10523,2025-07-14,Male,56,Georgia,Home & Kitchen,150.31,2,300.62,Standard,5,4
ORD-10550,2025-07-14,Male,38,Florida,Sports,92.92,4,371.68,Standard,5,5
ORD-11607,2025-07-14,Male,55,New York,Clothing,73.63,2,147.26,Standard,7,5
ORD-11608,2025-07-14,Female,26,Georgia,Sports,162.01,4,648.04,Express,1,2
ORD-11744,2025-07-14,Female,65,California,Electronics,503.94,1,503.94,Express,3,5
ORD-12766,2025-07-14,Female,67,Ohio,Books,20.57,2,41.14,Standard,6,5
ORD-10242,2025-07-15,Male,45,Georgia,Clothing,88.36,3,265.08,Standard,4,4
ORD-10255,2025-07-15,Male,68,Georgia,Electronics,290.51,3,871.53,Express,1,4
ORD-10338,2025-07-15,Female,45,Ohio,Clothing,18.14,4,72.56,Express,2,5
ORD-10767,2025-07-15,Male,43,New York,Books,12.72,3,38.16,Standard,4,3
ORD-11072,2025-07-15,Male,62,California,Clothing,24.21,1,24.21,Express,3,5
ORD-11256,2025-07-15,Male,32,New York,Clothing,84.33,2,168.66,Standard,4,4
ORD-12537,2025-07-15,Female,21,California,Clothing,18.62,1,18.62,Standard,6,1
ORD-12595,2025-07-15,Female,64,Ohio,Beauty,59.66,4,238.64,Standard,4,4
ORD-10445,2025-07-16,Female,33,Washington,Home & Kitchen,83.65,1,83.65,Standard,4,4
ORD-10468,2025-07-16,Male,52,Georgia,Home & Kitchen,66.2,1,66.2,Standard,8,3
ORD-10638,2025-07-16,Male,64,Ohio,Home & Kitchen,102.02,4,408.08,Standard,7,5
ORD-10654,2025-07-16,Female,36,Texas,Electronics,494.79,2,989.58,Standard,6,5
ORD-11193,2025-07-16,Female,51,Georgia,Clothing,85.51,3,256.53,Express,3,1
ORD-11716,2025-07-16,Male,30,Illinois,Electronics,230.27,3,690.81,Express,2,5
ORD-12899,2025-07-16,Female,60,Florida,Electronics,563.73,4,2254.92,Express,2,5
ORD-12973,2025-07-16,Male,69,Ohio,Books,18.9,2,37.8,Standard,3,5
ORD-10142,2025-07-17,Male,28,Texas,Beauty,24.9,1,24.9,Standard,5,5
ORD-10532,2025-07-17,Female,22,Florida,Home & Kitchen,142.51,2,285.02,Standard,4,4
ORD-11064,2025-07-17,Female,22,New York,Clothing,71.36,4,285.44,Standard,4,5
ORD-11065,2025-07-17,Male,23,New York,Clothing,87.71,1,87.71,Express,3,4
ORD-11182,2025-07-17,Female,51,Washington,Home & Kitchen,93.02,4,372.08,Same Day,0,4
ORD-11492,2025-07-17,Male,42,Florida,Home & Kitchen,161.44,4,645.76,Standard,4,1
ORD-11961,2025-07-17,Male,22,Illinois,Clothing,53.5,2,107.0,Standard,6,5
ORD-12564,2025-07-17,Female,31,California,Beauty,54.54,1,54.54,Express,3,3
ORD-12584,2025-07-17,Female,38,Illinois,Sports,234.58,4,938.32,Express,3,3
ORD-12646,2025-07-17,Female,26,New York,Beauty,10.99,4,43.96,Express,2,4
ORD-10503,2025-07-18,Female,55,Texas,Clothing,47.94,1,47.94,Express,3,5
ORD-11276,2025-07-18,Male,67,Florida,Electronics,499.45,4,1997.8,Standard,3,4
ORD-11688,2025-07-18,Male,56,Florida,Beauty,11.75,1,11.75,Same Day,0,5
ORD-11877,2025-07-18,Female,51,Florida,Beauty,33.94,4,135.76,Standard,5,2
ORD-12838,2025-07-18,Male,20,Ohio,Home & Kitchen,87.25,4,349.0,Standard,8,5
ORD-12903,2025-07-18,Female,35,Georgia,Electronics,339.08,2,678.16,Standard,6,5
ORD-12959,2025-07-18,Male,69,Texas,Electronics,421.57,4,1686.28,Express,3,4
ORD-10450,2025-07-19,Male,60,Texas,Sports,280.34,3,841.02,Standard,6,5
ORD-10808,2025-07-19,Female,57,New York,Clothing,26.22,2,52.44,Same Day,0,5
ORD-10841,2025-07-19,Female,51,New York,Clothing,42.71,1,42.71,Express,1,4
ORD-11149,2025-07-19,Male,69,California,Books,12.45,3,37.35,Express,1,5
ORD-11450,2025-07-19,Female,68,Georgia,Clothing,37.51,4,150.04,Standard,3,4
ORD-11577,2025-07-19,Male,23,Georgia,Clothing,17.41,2,34.82,Standard,7,5
ORD-11889,2025-07-19,Female,47,New York,Beauty,49.04,2,98.08,Standard,8,3
ORD-12611,2025-07-19,Male,50,New York,Clothing,31.12,4,124.48,Standard,6,3
ORD-12857,2025-07-19,Female,54,New York,Home & Kitchen,71.9,2,143.8,Express,1,4
ORD-10118,2025-07-20,Female,57,New York,Beauty,31.48,3,94.44,Standard,7,4
ORD-10135,2025-07-20,Female,48,Texas,Clothing,68.78,1,68.78,Standard,4,4
ORD-10796,2025-07-20,Male,34,California,Electronics,540.91,3,1622.73,Same Day,0,4
ORD-11018,2025-07-20,Female,37,California,Electronics,197.08,4,788.32,Standard,7,5
ORD-11155,2025-07-20,Male,24,Florida,Electronics,372.73,2,745.46,Standard,7,3
ORD-11368,2025-07-20,Female,46,Florida,Home & Kitchen,111.67,1,111.67,Express,3,1
ORD-11476,2025-07-20,Male,35,Texas,Clothing,71.94,2,143.88,Standard,5,4
ORD-11891,2025-07-20,Female,45,Texas,Beauty,21.67,1,21.67,Standard,3,5
ORD-12423,2025-07-20,Female,58,Illinois,Clothing,38.66,2,77.32,Express,3,3
ORD-12625,2025-07-20,Male,27,California,Clothing,83.41,1,83.41,Express,3,5
ORD-10175,2025-07-21,Male,67,California,Electronics,543.6,4,2174.4,Standard,3,5
ORD-10960,2025-07-21,Male,21,Ohio,Sports,43.83,1,43.83,Same Day,0,4
ORD-11536,2025-07-21,Male,20,California,Books,26.51,2,53.02,Standard,4,2
ORD-12404,2025-07-21,Female,45,Florida,Home & Kitchen,100.01,3,300.03,Standard,3,4
ORD-12826,2025-07-21,Female,24,Texas,Clothing,56.56,1,56.56,Standard,8,5
ORD-12073,2025-07-22,Male,39,Texas,Beauty,11.32,4,45.28,Standard,3,4
ORD-12239,2025-07-22,Female,58,Texas,Clothing,35.8,3,107.4,Standard,4,5
ORD-10385,2025-07-23,Male,61,California,Clothing,77.27,2,154.54,Standard,3,4
ORD-10460,2025-07-23,Male,52,Texas,Electronics,217.11,2,434.22,Standard,6,3
ORD-10759,2025-07-23,Female,66,California,Home & Kitchen,66.42,1,66.42,Standard,6,5
ORD-10924,2025-07-23,Female,31,California,Electronics,581.33,2,1162.66,Express,2,5
ORD-11832,2025-07-23,Male,26,Ohio,Home & Kitchen,32.9,2,65.8,Same Day,0,4
ORD-11920,2025-07-23,Female,37,Washington,Clothing,23.91,1,23.91,Standard,4,3
ORD-12038,2025-07-23,Male,56,Texas,Books,32.66,2,65.32,Express,3,3
ORD-12516,2025-07-23,Female,18,Florida,Books,26.6,4,106.4,Standard,8,2
ORD-12739,2025-07-23,Male,45,Illinois,Clothing,53.34,4,213.36,Standard,8,3
ORD-10505,2025-07-24,Male,44,Washington,Clothing,38.41,3,115.23,Express,1,5
ORD-11109,2025-07-24,Female,36,Florida,Clothing,33.68,4,134.72,Express,1,2
ORD-11275,2025-07-24,Female,18,Florida,Beauty,30.37,4,121.48,Standard,4,4
ORD-11568,2025-07-24,Female,42,California,Home & Kitchen,200.48,4,801.92,Standard,4,4
ORD-11756,2025-07-24,Female,52,Texas,Clothing,86.86,4,347.44,Express,1,3
ORD-12393,2025-07-24,Male,53,Texas,Books,8.14,2,16.28,Standard,6,3
ORD-12714,2025-07-24,Male,55,New York,Clothing,56.9,1,56.9,Standard,7,4
ORD-12737,2025-07-24,Male,64,California,Clothing,58.84,1,58.84,Express,3,5
ORD-12916,2025-07-24,Male,36,California,Beauty,45.6,4,182.4,Same Day,0,5
ORD-10738,2025-07-25,Female,68,Texas,Electronics,379.9,3,1139.7,Standard,3,3
ORD-10750,2025-07-25,Male,53,California,Clothing,54.89,4,219.56,Same Day,0,4
ORD-11494,2025-07-25,Female,51,Ohio,Electronics,368.07,4,1472.28,Standard,5,4
ORD-11552,2025-07-25,Female,55,Ohio,Clothing,72.78,2,145.56,Standard,3,4
ORD-12648,2025-07-25,Female,23,New York,Home & Kitchen,44.84,2,89.68,Express,3,5
ORD-12913,2025-07-25,Male,55,Ohio,Home & Kitchen,199.31,3,597.93,Standard,4,3
ORD-10009,2025-07-26,Female,21,Ohio,Clothing,35.19,1,35.19,Standard,7,5
ORD-10013,2025-07-26,Male,20,Georgia,Clothing,75.02,4,300.08,Express,3,5
ORD-10064,2025-07-26,Female,49,Texas,Clothing,89.09,2,178.18,Express,2,4
ORD-10413,2025-07-26,Male,29,Texas,Clothing,61.99,2,123.98,Standard,3,3
ORD-10478,2025-07-26,Female,67,California,Electronics,349.69,4,1398.76,Standard,3,4
ORD-10482,2025-07-26,Male,42,Illinois,Sports,237.81,3,713.43,Express,1,5
ORD-10776,2025-07-26,Female,53,Illinois,Home & Kitchen,211.66,1,211.66,Same Day,0,2
ORD-10913,2025-07-26,Male,59,Georgia,Sports,289.64,3,868.92,Standard,4,3
ORD-11319,2025-07-26,Male,61,Ohio,Books,33.62,2,67.24,Standard,8,5
ORD-11848,2025-07-26,Female,25,California,Home & Kitchen,178.02,3,534.06,Standard,8,5
ORD-11923,2025-07-26,Male,38,Illinois,Sports,271.16,2,542.32,Standard,5,5
ORD-10500,2025-07-27,Female,64,Ohio,Home & Kitchen,210.23,3,630.69,Standard,3,4
ORD-10817,2025-07-27,Female,35,Texas,Beauty,56.78,3,170.34,Standard,5,5
ORD-10974,2025-07-27,Male,40,California,Books,31.78,2,63.56,Express,3,2
ORD-11421,2025-07-27,Female,41,California,Electronics,555.13,4,2220.52,Express,1,5
ORD-12148,2025-07-27,Male,26,Illinois,Clothing,22.02,3,66.06,Standard,6,2
ORD-12455,2025-07-27,Female,32,New York,Sports,229.78,2,459.56,Standard,3,4
ORD-12616,2025-07-27,Male,62,Ohio,Clothing,33.4,4,133.6,Standard,3,5
ORD-10819,2025-07-28,Male,54,Georgia,Sports,54.6,3,163.8,Same Day,0,3
ORD-11017,2025-07-28,Male,50,California,Clothing,34.43,4,137.72,Express,2,3
ORD-11455,2025-07-28,Male,20,Florida,Home & Kitchen,149.33,4,597.32,Standard,4,4
ORD-12674,2025-07-28,Female,68,Florida,Books,7.87,2,15.74,Standard,8,2
ORD-12711,2025-07-28,Male,60,Ohio,Electronics,207.27,3,621.81,Standard,4,5
ORD-10958,2025-08-01,Female,32,Texas,Electronics,495.19,4,1980.76,Standard,3,4
ORD-11278,2025-08-01,Female,20,Texas,Sports,269.56,2,539.12,Standard,3,4
ORD-11323,2025-08-01,Female,43,New York,Home & Kitchen,186.23,4,744.92,Standard,8,4
ORD-11461,2025-08-01,Female,28,California,Beauty,21.71,1,21.71,Express,1,4
ORD-11554,2025-08-01,Male,45,Illinois,Clothing,58.95,4,235.8,Standard,6,5
ORD-12109,2025-08-01,Male,66,Ohio,Sports,152.08,2,304.16,Standard,4,5
ORD-12443,2025-08-01,Female,27,California,Home & Kitchen,231.41,2,462.82,Express,2,4
ORD-12469,2025-08-01,Female,68,Florida,Clothing,70.97,1,70.97,Standard,4,2
ORD-12709,2025-08-01,Female,45,Texas,Home & Kitchen,55.79,1,55.79,Standard,3,5
ORD-12772,2025-08-01,Male,53,Texas,Beauty,36.31,3,108.93,Standard,8,5
ORD-12975,2025-08-01,Male,24,California,Clothing,79.85,3,239.55,Standard,8,4
ORD-10025,2025-08-02,Male,47,Florida,Clothing,43.37,4,173.48,Express,1,5
ORD-10365,2025-08-02,Male,24,California,Books,34.72,1,34.72,Express,2,5
ORD-10438,2025-08-02,Female,63,Texas,Beauty,56.21,1,56.21,Express,2,4
ORD-10933,2025-08-02,Female,34,Washington,Electronics,244.81,4,979.24,Standard,5,3
ORD-11242,2025-08-02,Female,33,Illinois,Books,29.66,1,29.66,Standard,8,4
ORD-11415,2025-08-02,Female,35,Georgia,Electronics,300.4,2,600.8,Standard,7,1
ORD-11474,2025-08-02,Male,54,Texas,Beauty,28.73,2,57.46,Standard,5,5
ORD-11710,2025-08-02,Female,67,Illinois,Books,29.94,2,59.88,Standard,7,4
ORD-11829,2025-08-02,Male,64,Florida,Home & Kitchen,166.22,2,332.44,Standard,3,5
ORD-12191,2025-08-02,Female,46,Texas,Sports,257.45,3,772.35,Standard,8,5
ORD-12329,2025-08-02,Female,50,Texas,Home & Kitchen,110.67,3,332.01,Standard,8,5
ORD-12947,2025-08-02,Male,19,Washington,Books,23.13,4,92.52,Express,1,4
ORD-12993,2025-08-02,Female,40,Texas,Electronics,462.69,1,462.69,Standard,8,4
ORD-10138,2025-08-03,Female,59,California,Sports,62.05,4,248.2,Standard,6,4
ORD-10283,2025-08-03,Male,53,Washington,Sports,253.44,3,760.32,Standard,4,4
ORD-10752,2025-08-03,Male,57,New York,Clothing,83.12,3,249.36,Standard,6,1
ORD-11358,2025-08-03,Female,30,New York,Electronics,165.21,2,330.42,Express,2,5
ORD-11475,2025-08-03,Male,65,Georgia,Home & Kitchen,220.92,4,883.68,Standard,5,2
ORD-11913,2025-08-03,Male,19,Texas,Beauty,16.98,2,33.96,Same Day,0,3
ORD-11943,2025-08-03,Female,29,Florida,Clothing,60.67,2,121.34,Express,3,4
ORD-12703,2025-08-03,Male,28,California,Clothing,36.28,3,108.84,Same Day,0,5
ORD-10042,2025-08-04,Male,22,New York,Home & Kitchen,165.62,1,165.62,Standard,7,4
ORD-10047,2025-08-04,Female,52,California,Electronics,452.91,4,1811.64,Standard,5,4
ORD-10357,2025-08-04,Female,60,New York,Home & Kitchen,116.28,4,465.12,Standard,3,5
ORD-11140,2025-08-04,Male,55,Illinois,Books,30.2,1,30.2,Standard,4,4
ORD-11868,2025-08-04,Female,59,New York,Clothing,82.81,2,165.62,Standard,6,2
ORD-12173,2025-08-04,Female,31,Washington,Sports,285.29,1,285.29,Express,1,4
ORD-12542,2025-08-04,Female,63,Ohio,Electronics,343.95,1,343.95,Standard,4,4
ORD-12894,2025-08-04,Male,36,Texas,Sports,160.39,2,320.78,Standard,6,5
ORD-10310,2025-08-05,Male,18,California,Clothing,39.83,2,79.66,Standard,8,4
ORD-10965,2025-08-05,Male,43,Washington,Beauty,9.83,3,29.49,Standard,5,1
ORD-11290,2025-08-05,Male,55,New York,Clothing,50.53,3,151.59,Express,2,5
ORD-11646,2025-08-05,Male,40,Ohio,Home & Kitchen,38.66,1,38.66,Standard,4,5
ORD-12103,2025-08-05,Female,39,California,Home & Kitchen,179.81,3,539.43,Express,1,5
ORD-12245,2025-08-05,Male,65,Texas,Beauty,27.03,4,108.12,Standard,5,3
ORD-10353,2025-08-06,Female,61,New York,Beauty,42.49,3,127.47,Standard,6,5
ORD-10378,2025-08-06,Female,38,Texas,Clothing,50.43,4,201.72,Express,2,5
ORD-11614,2025-08-06,Male,62,California,Home & Kitchen,232.46,3,697.38,Standard,6,4
ORD-11729,2025-08-06,Female,23,California,Sports,276.97,2,553.94,Express,3,4
ORD-11933,2025-08-06,Male,31,Illinois,Books,21.84,4,87.36,Standard,4,4
ORD-12065,2025-08-06,Male,63,Ohio,Sports,168.89,1,168.89,Express,3,5
ORD-12768,2025-08-06,Female,55,Florida,Home & Kitchen,139.75,3,419.25,Express,3,4
ORD-12829,2025-08-06,Male,63,California,Beauty,32.73,3,98.19,Standard,7,5
ORD-10029,2025-08-07,Male,23,Florida,Sports,95.63,2,191.26,Express,1,4
ORD-10704,2025-08-07,Male,21,Washington,Electronics,362.47,4,1449.88,Standard,5,3
ORD-10736,2025-08-07,Female,39,Washington,Home & Kitchen,24.68,3,74.04,Standard,6,3
ORD-11087,2025-08-07,Male,26,Georgia,Electronics,429.7,2,859.4,Standard,4,5
ORD-11906,2025-08-07,Male,43,Texas,Sports,142.07,3,426.21,Standard,4,4
ORD-12035,2025-08-07,Male,56,Florida,Books,28.8,4,115.2,Express,1,3
ORD-12996,2025-08-07,Female,36,Ohio,Books,34.97,2,69.94,Standard,3,4
ORD-10030,2025-08-08,Male,33,Texas,Clothing,80.91,1,80.91,Standard,6,4
ORD-10524,2025-08-08,Female,32,California,Sports,186.16,1,186.16,Same Day,0,5
ORD-10940,2025-08-08,Female,47,Texas,Beauty,43.52,3,130.56,Standard,6,4
ORD-11161,2025-08-08,Male,37,Washington,Clothing,36.15,4,144.6,Standard,6,4
ORD-11725,2025-08-08,Female,24,New York,Books,22.37,1,22.37,Standard,8,5
ORD-10048,2025-08-09,Female,41,Florida,Electronics,499.76,1,499.76,Express,2,3
ORD-10670,2025-08-09,Male,63,New York,Sports,87.95,2,175.9,Standard,3,2
ORD-11191,2025-08-09,Female,40,Florida,Home & Kitchen,61.32,1,61.32,Express,2,4
ORD-11899,2025-08-09,Female,58,California,Electronics,229.88,2,459.76,Standard,7,4
ORD-12229,2025-08-09,Male,68,California,Sports,201.23,3,603.69,Standard,7,4
ORD-12288,2025-08-09,Female,32,Ohio,Beauty,27.61,3,82.83,Standard,8,2
ORD-12919,2025-08-09,Male,56,Ohio,Clothing,85.39,3,256.17,Standard,3,5
ORD-12933,2025-08-09,Female,46,Texas,Home & Kitchen,244.47,1,244.47,Standard,8,5
ORD-12953,2025-08-09,Male,45,Illinois,Electronics,195.41,2,390.82,Standard,8,3
ORD-10717,2025-08-10,Male,60,Ohio,Electronics,408.53,2,817.06,Express,3,5
ORD-11085,2025-08-10,Male,67,Florida,Home & Kitchen,25.15,3,75.45,Standard,4,4
ORD-11111,2025-08-10,Male,18,Illinois,Electronics,430.79,4,1723.16,Express,2,4
ORD-11419,2025-08-10,Female,69,New York,Clothing,56.71,4,226.84,Express,3,5
ORD-11658,2025-08-10,Male,49,Texas,Electronics,170.08,4,680.32,Standard,7,5
ORD-12617,2025-08-10,Female,57,Illinois,Electronics,271.57,3,814.71,Standard,5,4
ORD-12724,2025-08-10,Male,48,California,Clothing,70.76,2,141.52,Same Day,0,5
ORD-12944,2025-08-10,Male,54,Ohio,Electronics,195.11,3,585.33,Standard,7,4
ORD-12964,2025-08-10,Male,47,Florida,Clothing,69.78,1,69.78,Standard,3,4
ORD-10093,2025-08-11,Female,38,Ohio,Clothing,82.31,1,82.31,Standard,8,4
ORD-10377,2025-08-11,Male,62,Florida,Clothing,76.81,1,76.81,Express,2,5
ORD-10448,2025-08-11,Female,53,Georgia,Clothing,79.5,2,159.0,Express,2,3
ORD-11178,2025-08-11,Female,40,Ohio,Sports,56.69,3,170.07,Standard,6,5
ORD-11334,2025-08-11,Female,32,Florida,Beauty,33.13,1,33.13,Standard,6,4
ORD-11617,2025-08-11,Male,54,Florida,Electronics,407.87,3,1223.61,Standard,7,5
ORD-11959,2025-08-11,Male,45,New York,Home & Kitchen,140.99,2,281.98,Express,3,5
ORD-12190,2025-08-11,Female,25,Georgia,Beauty,34.65,3,103.95,Standard,8,4
ORD-12579,2025-08-11,Female,26,California,Clothing,35.96,2,71.92,Express,3,4
ORD-10015,2025-08-12,Male,21,Texas,Electronics,284.89,3,854.67,Standard,5,4
ORD-10628,2025-08-12,Male,22,California,Electronics,494.68,4,1978.72,Standard,7,1
ORD-10630,2025-08-12,Male,43,Illinois,Electronics,238.04,1,238.04,Standard,8,4
ORD-10905,2025-08-12,Female,34,California,Clothing,22.63,4,90.52,Standard,5,4
ORD-11113,2025-08-12,Male,22,Illinois,Beauty,50.76,2,101.52,Express,2,5
ORD-11188,2025-08-12,Male,47,Texas,Books,20.78,4,83.12,Standard,7,3
ORD-11303,2025-08-12,Female,43,Florida,Sports,242.87,4,971.48,Standard,4,2
ORD-11345,2025-08-12,Female,41,Florida,Sports,113.0,1,113.0,Standard,6,4
ORD-12207,2025-08-12,Female,65,New York,Sports,219.53,3,658.59,Standard,7,5
ORD-12491,2025-08-12,Female,59,New York,Home & Kitchen,176.71,2,353.42,Express,1,5
ORD-12808,2025-08-12,Male,34,Florida,Clothing,61.48,4,245.92,Standard,8,5
ORD-12872,2025-08-12,Male,64,California,Electronics,191.48,2,382.96,Same Day,0,5
ORD-10109,2025-08-13,Male,43,Florida,Sports,149.12,3,447.36,Express,3,5
ORD-10287,2025-08-13,Female,67,Ohio,Clothing,22.95,1,22.95,Standard,8,5
ORD-11252,2025-08-13,Female,33,California,Beauty,25.51,3,76.53,Standard,5,1
ORD-11457,2025-08-13,Male,67,Washington,Clothing,82.66,4,330.64,Standard,7,5
ORD-11481,2025-08-13,Female,36,California,Beauty,19.89,3,59.67,Standard,5,5
ORD-11950,2025-08-13,Male,32,Florida,Electronics,529.8,4,2119.2,Standard,6,5
ORD-12159,2025-08-13,Female,53,Florida,Clothing,22.66,4,90.64,Standard,5,1
ORD-12225,2025-08-13,Female,56,Illinois,Home & Kitchen,169.83,4,679.32,Express,1,5
ORD-12429,2025-08-13,Male,18,Illinois,Books,7.86,2,15.72,Standard,3,5
ORD-10507,2025-08-14,Male,25,New York,Electronics,244.18,2,488.36,Standard,8,5
ORD-10867,2025-08-14,Female,45,Illinois,Home & Kitchen,200.01,1,200.01,Same Day,0,5
ORD-11269,2025-08-14,Male,49,California,Beauty,56.59,4,226.36,Standard,5,4
ORD-11601,2025-08-14,Female,34,Texas,Sports,295.51,1,295.51,Standard,8,4
ORD-11657,2025-08-14,Male,27,California,Clothing,23.6,4,94.4,Standard,4,4
ORD-12019,2025-08-14,Female,46,Illinois,Electronics,261.38,1,261.38,Same Day,0,5
ORD-12028,2025-08-14,Male,56,California,Beauty,36.55,4,146.2,Express,2,5
ORD-10361,2025-08-15,Female,18,Texas,Clothing,30.09,3,90.27,Standard,7,3
ORD-10493,2025-08-15,Female,51,Ohio,Home & Kitchen,76.24,4,304.96,Standard,3,4
ORD-10973,2025-08-15,Female,29,California,Clothing,17.14,1,17.14,Express,1,5
ORD-11056,2025-08-15,Male,67,New York,Books,14.2,2,28.4,Standard,7,4
ORD-11538,2025-08-15,Male,20,Georgia,Clothing,61.13,4,244.52,Standard,6,3
ORD-11895,2025-08-15,Male,32,Texas,Clothing,35.88,2,71.76,Standard,6,5
ORD-12218,2025-08-15,Male,23,Texas,Clothing,43.82,1,43.82,Standard,8,4
ORD-12227,2025-08-15,Male,43,Florida,Electronics,470.11,3,1410.33,Standard,8,5
ORD-12647,2025-08-15,Female,36,Georgia,Clothing,43.82,1,43.82,Standard,5,4
ORD-12815,2025-08-15,Female,52,California,Electronics,225.59,4,902.36,Standard,7,4
ORD-11715,2025-08-16,Female,69,Florida,Home & Kitchen,87.72,1,87.72,Standard,4,5
ORD-11763,2025-08-16,Male,34,California,Clothing,60.85,4,243.4,Standard,4,5
ORD-11856,2025-08-16,Female,49,Washington,Clothing,42.33,2,84.66,Standard,4,5
ORD-12005,2025-08-16,Male,34,New York,Clothing,83.66,4,334.64,Express,3,5
ORD-12139,2025-08-16,Female,42,Florida,Sports,260.35,1,260.35,Standard,5,5
ORD-12257,2025-08-16,Female,38,Washington,Clothing,33.78,1,33.78,Standard,8,5
ORD-12689,2025-08-16,Female,54,Florida,Electronics,464.58,2,929.16,Standard,8,5
ORD-10539,2025-08-17,Male,62,California,Sports,65.57,3,196.71,Express,1,4
ORD-10707,2025-08-17,Female,42,Texas,Electronics,485.6,3,1456.8,Standard,8,4
ORD-10967,2025-08-17,Female,55,Texas,Beauty,43.52,4,174.08,Express,1,5
ORD-11169,2025-08-17,Male,57,Washington,Sports,222.81,2,445.62,Express,2,3
ORD-11180,2025-08-17,Female,22,California,Home & Kitchen,183.44,4,733.76,Standard,8,5
ORD-11801,2025-08-17,Female,51,Florida,Beauty,22.41,4,89.64,Same Day,0,5
ORD-12081,2025-08-17,Female,32,New York,Beauty,12.09,4,48.36,Express,3,5
ORD-12311,2025-08-17,Female,33,Texas,Books,24.08,2,48.16,Standard,8,5
ORD-12460,2025-08-17,Male,37,Georgia,Books,38.38,4,153.52,Standard,7,5
ORD-12897,2025-08-17,Female,42,California,Clothing,59.76,2,119.52,Express,2,3
ORD-10363,2025-08-18,Female,25,Illinois,Electronics,330.08,3,990.24,Standard,7,5
ORD-10939,2025-08-18,Female,23,Georgia,Electronics,309.46,4,1237.84,Same Day,0,4
ORD-11244,2025-08-18,Female,30,Texas,Home & Kitchen,175.37,4,701.48,Standard,7,5
ORD-11333,2025-08-18,Female,26,Florida,Home & Kitchen,55.66,3,166.98,Express,3,5
ORD-11434,2025-08-18,Male,66,Washington,Electronics,181.69,4,726.76,Standard,5,3
ORD-11670,2025-08-18,Female,26,Georgia,Electronics,361.39,4,1445.56,Standard,8,5
ORD-11711,2025-08-18,Female,24,California,Beauty,9.51,1,9.51,Standard,4,5
ORD-11862,2025-08-18,Female,38,Illinois,Beauty,37.16,2,74.32,Standard,8,3
ORD-12095,2025-08-18,Male,59,California,Beauty,32.18,3,96.54,Standard,5,4
ORD-12632,2025-08-18,Female,21,California,Electronics,310.69,2,621.38,Same Day,0,5
ORD-10103,2025-08-19,Male,21,Washington,Sports,87.0,4,348.0,Standard,5,5
ORD-10403,2025-08-19,Female,54,Illinois,Clothing,87.8,3,263.4,Standard,8,5
ORD-10429,2025-08-19,Female,65,California,Home & Kitchen,35.51,2,71.02,Standard,3,4
ORD-11257,2025-08-19,Female,23,Illinois,Clothing,30.14,3,90.42,Express,2,5
ORD-11427,2025-08-19,Female,32,California,Sports,296.17,3,888.51,Standard,5,4
ORD-11498,2025-08-19,Female,37,California,Beauty,16.04,2,32.08,Standard,7,4
ORD-12550,2025-08-19,Male,39,Ohio,Sports,236.73,2,473.46,Standard,4,5
ORD-12590,2025-08-19,Male,36,Florida,Clothing,19.27,2,38.54,Express,1,3
ORD-10082,2025-08-20,Female,63,Texas,Home & Kitchen,228.76,4,915.04,Standard,7,5
ORD-10137,2025-08-20,Female,60,Washington,Home & Kitchen,46.63,1,46.63,Express,3,5
ORD-10735,2025-08-20,Female,60,Ohio,Sports,78.8,2,157.6,Standard,8,3
ORD-11551,2025-08-20,Male,64,Illinois,Books,7.03,1,7.03,Standard,6,2
ORD-11643,2025-08-20,Male,38,California,Clothing,54.26,4,217.04,Same Day,0,4
ORD-11685,2025-08-20,Male,53,California,Books,21.48,2,42.96,Standard,7,5
ORD-12282,2025-08-20,Male,18,Illinois,Electronics,377.67,1,377.67,Express,1,5
ORD-12438,2025-08-20,Female,29,Georgia,Clothing,25.38,3,76.14,Express,2,5
ORD-10548,2025-08-21,Male,55,California,Home & Kitchen,209.61,1,209.61,Express,1,5
ORD-10860,2025-08-21,Male,38,California,Sports,113.91,2,227.82,Express,2,3
ORD-11566,2025-08-21,Female,20,California,Sports,292.76,4,1171.04,Standard,7,1
ORD-11978,2025-08-21,Male,29,Ohio,Beauty,47.76,3,143.28,Express,1,4
ORD-12106,2025-08-21,Male,56,Georgia,Clothing,71.41,4,285.64,Standard,6,3
ORD-12640,2025-08-21,Male,34,Washington,Home & Kitchen,66.83,2,133.66,Standard,5,5
ORD-10498,2025-08-22,Female,60,Florida,Clothing,46.37,1,46.37,Standard,7,5
ORD-11030,2025-08-22,Male,29,California,Electronics,450.62,1,450.62,Same Day,0,4
ORD-11051,2025-08-22,Female,57,Florida,Electronics,407.72,1,407.72,Express,3,5
ORD-10595,2025-08-23,Male,44,Georgia,Home & Kitchen,84.89,1,84.89,Standard,3,5
ORD-10681,2025-08-23,Female,37,Ohio,Home & Kitchen,95.53,1,95.53,Standard,6,2
ORD-11438,2025-08-23,Male,55,Georgia,Electronics,504.12,1,504.12,Standard,7,4
ORD-11714,2025-08-23,Female,24,Washington,Clothing,40.79,1,40.79,Standard,3,4
ORD-12001,2025-08-23,Male,54,Ohio,Home & Kitchen,79.89,3,239.67,Express,2,5
ORD-12120,2025-08-23,Male,40,Florida,Clothing,15.06,1,15.06,Standard,8,4
ORD-10183,2025-08-24,Female,60,Ohio,Electronics,133.36,1,133.36,Same Day,0,5
ORD-10922,2025-08-24,Female,50,Illinois,Clothing,65.49,2,130.98,Standard,5,1
ORD-11570,2025-08-24,Female,48,Ohio,Beauty,25.12,1,25.12,Standard,5,4
ORD-11812,2025-08-24,Female,43,New York,Home & Kitchen,204.95,1,204.95,Standard,8,5
ORD-12315,2025-08-24,Male,51,Florida,Electronics,488.32,2,976.64,Standard,5,4
ORD-12335,2025-08-24,Male,29,California,Home & Kitchen,48.91,1,48.91,Standard,4,4
ORD-12967,2025-08-24,Female,49,Texas,Electronics,556.04,1,556.04,Standard,7,4
ORD-10014,2025-08-25,Female,61,Florida,Home & Kitchen,63.66,1,63.66,Express,2,5
ORD-10462,2025-08-25,Female,62,New York,Sports,139.81,2,279.62,Express,2,3
ORD-12681,2025-08-25,Female,29,Texas,Electronics,327.46,1,327.46,Express,1,4
ORD-10165,2025-08-26,Male,48,Illinois,Beauty,47.33,4,189.32,Standard,5,5
ORD-10420,2025-08-26,Female,44,New York,Sports,108.68,2,217.36,Express,2,4
ORD-10927,2025-08-26,Male,51,Washington,Books,6.41,4,25.64,Standard,3,3
ORD-11003,2025-08-26,Female,64,Illinois,Beauty,20.19,3,60.57,Standard,6,3
ORD-11070,2025-08-26,Male,45,Ohio,Clothing,85.98,4,343.92,Express,2,5
ORD-11927,2025-08-26,Male,39,Georgia,Electronics,497.0,4,1988.0,Standard,4,4
ORD-11963,2025-08-26,Male,26,Illinois,Home & Kitchen,79.15,3,237.45,Express,2,2
ORD-11981,2025-08-26,Male,18,California,Books,33.76,1,33.76,Express,1,4
ORD-12117,2025-08-26,Female,61,Illinois,Books,38.56,4,154.24,Express,3,5
ORD-12134,2025-08-26,Male,52,Illinois,Beauty,40.21,3,120.63,Standard,3,3
ORD-12474,2025-08-26,Male,49,California,Clothing,77.86,1,77.86,Standard,5,1
ORD-12624,2025-08-26,Female,42,New York,Home & Kitchen,60.57,3,181.71,Express,3,3
ORD-12658,2025-08-26,Female,49,Georgia,Clothing,26.74,1,26.74,Express,3,2
ORD-12837,2025-08-26,Female,54,California,Home & Kitchen,101.64,4,406.56,Standard,7,3
ORD-10199,2025-08-27,Male,66,New York,Clothing,57.89,4,231.56,Standard,6,4
ORD-10712,2025-08-27,Male,66,New York,Beauty,35.04,2,70.08,Standard,5,5
ORD-10897,2025-08-27,Male,34,California,Electronics,309.91,2,619.82,Express,1,2
ORD-11139,2025-08-27,Female,69,California,Books,9.72,4,38.88,Express,2,5
ORD-12494,2025-08-27,Male,58,Texas,Electronics,361.4,1,361.4,Standard,4,4
ORD-12588,2025-08-27,Female,49,Illinois,Home & Kitchen,163.44,3,490.32,Express,2,5
ORD-12774,2025-08-27,Female,61,California,Home & Kitchen,107.19,4,428.76,Standard,4,3
ORD-12788,2025-08-27,Male,35,Texas,Home & Kitchen,70.67,4,282.68,Standard,7,4
ORD-10123,2025-08-28,Female,34,Georgia,Sports,281.08,2,562.16,Standard,7,5
ORD-10148,2025-08-28,Female,49,Ohio,Clothing,35.15,4,140.6,Express,1,5
ORD-10251,2025-08-28,Male,59,Ohio,Books,16.76,4,67.04,Same Day,0,5
ORD-10312,2025-08-28,Female,46,California,Home & Kitchen,224.6,2,449.2,Standard,3,5
ORD-10985,2025-08-28,Female,31,Georgia,Clothing,82.97,2,165.94,Standard,6,5
ORD-11005,2025-08-28,Male,66,Texas,Home & Kitchen,244.69,3,734.07,Standard,8,4
ORD-11225,2025-08-28,Male,38,California,Books,34.97,1,34.97,Standard,7,4
ORD-11854,2025-08-28,Male,44,New York,Electronics,348.68,3,1046.04,Standard,3,3
ORD-10258,2025-09-01,Female,59,New York,Beauty,16.32,3,48.96,Same Day,0,5
ORD-10364,2025-09-01,Female,47,Georgia,Beauty,33.68,1,33.68,Standard,4,4
ORD-10551,2025-09-01,Female,33,Illinois,Electronics,359.89,2,719.78,Express,2,4
ORD-10777,2025-09-01,Male,52,Washington,Beauty,54.55,3,163.65,Same Day,0,4
ORD-10795,2025-09-01,Female,32,New York,Sports,197.15,1,197.15,Express,3,4
ORD-11782,2025-09-01,Male,40,California,Sports,134.54,2,269.08,Express,3,3
ORD-11910,2025-09-01,Male,31,Washington,Electronics,430.77,2,861.54,Express,1,5
ORD-12144,2025-09-01,Male,68,Florida,Clothing,61.85,1,61.85,Standard,3,4
ORD-12500,2025-09-01,Female,41,Texas,Electronics,293.79,1,293.79,Standard,8,5
ORD-12792,2025-09-01,Female,53,Texas,Clothing,45.44,1,45.44,Same Day,0,5
ORD-12805,2025-09-01,Male,20,Illinois,Clothing,62.2,1,62.2,Express,2,5
ORD-10888,2025-09-02,Female,30,Ohio,Home & Kitchen,100.49,1,100.49,Same Day,0,2
ORD-11068,2025-09-02,Male,23,Washington,Electronics,242.13,4,968.52,Express,2,1
ORD-11270,2025-09-02,Female,19,California,Electronics,470.61,3,1411.83,Standard,4,3
ORD-11516,2025-09-02,Female,54,Illinois,Books,30.95,3,92.85,Standard,3,5
ORD-11709,2025-09-02,Male,30,Texas,Home & Kitchen,188.58,3,565.74,Standard,7,4
ORD-12018,2025-09-02,Male,56,Georgia,Home & Kitchen,175.74,4,702.96,Standard,8,4
ORD-12997,2025-09-02,Male,39,Ohio,Books,13.77,3,41.31,Same Day,0,5
ORD-10044,2025-09-03,Male,49,New York,Clothing,64.75,4,259.0,Express,1,5
ORD-10382,2025-09-03,Female,54,Washington,Beauty,37.39,1,37.39,Standard,6,4
ORD-10635,2025-09-03,Male,48,Texas,Home & Kitchen,63.3,2,126.6,Same Day,0,4
ORD-10793,2025-09-03,Male,37,Texas,Clothing,66.86,2,133.72,Express,3,4
ORD-10839,2025-09-03,Male,59,Texas,Sports,38.43,3,115.29,Standard,8,5
ORD-11168,2025-09-03,Female,60,Florida,Clothing,66.73,2,133.46,Standard,7,4
ORD-11287,2025-09-03,Male,40,Ohio,Electronics,516.16,4,2064.64,Standard,3,2
ORD-11367,2025-09-03,Male,59,California,Home & Kitchen,208.41,2,416.82,Standard,8,4
ORD-11992,2025-09-03,Male,34,Georgia,Books,18.58,2,37.16,Express,3,4
ORD-10141,2025-09-04,Male,67,California,Electronics,561.4,3,1684.2,Standard,7,5
ORD-11247,2025-09-04,Male,19,California,Electronics,165.24,1,165.24,Express,1,4
ORD-11376,2025-09-04,Male,69,Texas,Home & Kitchen,150.6,2,301.2,Standard,7,5
ORD-11383,2025-09-04,Female,35,California,Clothing,44.11,4,176.44,Standard,3,4
ORD-12240,2025-09-04,Male,59,Georgia,Clothing,76.59,3,229.77,Standard,8,4
ORD-12291,2025-09-04,Male,21,Texas,Beauty,49.39,3,148.17,Standard,8,5
ORD-12402,2025-09-04,Male,28,Florida,Electronics,235.02,4,940.08,Standard,3,3
ORD-12498,2025-09-04,Female,48,Florida,Clothing,52.13,3,156.39,Same Day,0,4
ORD-12575,2025-09-04,Male,27,Washington,Beauty,48.79,3,146.37,Standard,7,3
ORD-12871,2025-09-04,Male,35,Illinois,Sports,276.68,1,276.68,Same Day,0,5
ORD-10437,2025-09-05,Male,36,Texas,Electronics,471.2,4,1884.8,Express,3,3
ORD-10521,2025-09-05,Male,21,California,Sports,47.66,4,190.64,Standard,3,4
ORD-10677,2025-09-05,Male,26,Florida,Clothing,24.5,1,24.5,Standard,3,5
ORD-10846,2025-09-05,Female,18,Texas,Home & Kitchen,100.76,4,403.04,Standard,8,3
ORD-10948,2025-09-05,Female,28,Georgia,Home & Kitchen,159.2,4,636.8,Same Day,0,4
ORD-11336,2025-09-05,Female,54,California,Electronics,510.39,3,1531.17,Express,3,3
ORD-11973,2025-09-05,Female,23,Florida,Beauty,53.37,3,160.11,Express,2,5
ORD-12024,2025-09-05,Male,33,New York,Home & Kitchen,104.18,2,208.36,Standard,8,4
ORD-12166,2025-09-05,Female,58,Florida,Clothing,35.91,1,35.91,Standard,4,4
ORD-12759,2025-09-05,Male,47,Florida,Sports,158.89,2,317.78,Express,1,4
ORD-12924,2025-09-05,Female,53,Texas,Electronics,132.18,1,132.18,Standard,4,4
ORD-10238,2025-09-06,Male,64,Texas,Sports,64.02,2,128.04,Express,1,3
ORD-10709,2025-09-06,Male,43,Georgia,Home & Kitchen,57.48,2,114.96,Same Day,0,4
ORD-12248,2025-09-06,Male,55,California,Clothing,42.99,2,85.98,Same Day,0,5
ORD-12406,2025-09-06,Male,29,Ohio,Home & Kitchen,112.65,4,450.6,Standard,3,2
ORD-10202,2025-09-07,Female,69,Washington,Books,27.56,1,27.56,Express,2,4
ORD-10856,2025-09-07,Male,45,Illinois,Sports,256.37,4,1025.48,Standard,7,3
ORD-10861,2025-09-07,Female,53,New York,Electronics,431.17,3,1293.51,Express,2,5
ORD-11133,2025-09-07,Female,56,Texas,Books,27.76,4,111.04,Express,3,4
ORD-11885,2025-09-07,Male,40,Georgia,Home & Kitchen,54.24,3,162.72,Standard,4,3
ORD-12043,2025-09-07,Male,49,Georgia,Beauty,53.4,2,106.8,Express,3,5
ORD-12488,2025-09-07,Male,35,California,Electronics,203.85,1,203.85,Standard,5,5
ORD-12567,2025-09-07,Male,32,Ohio,Clothing,26.8,4,107.2,Standard,4,4
ORD-12568,2025-09-07,Male,43,New York,Clothing,45.8,2,91.6,Standard,4,3
ORD-12687,2025-09-07,Female,55,Georgia,Clothing,37.6,4,150.4,Standard,4,3
ORD-12827,2025-09-07,Female,59,California,Electronics,244.8,4,979.2,Standard,6,4
ORD-10121,2025-09-08,Male,53,Florida,Clothing,87.23,3,261.69,Express,3,4
ORD-10164,2025-09-08,Male,26,Florida,Beauty,26.74,3,80.22,Standard,5,4
ORD-10172,2025-09-08,Male,62,Florida,Clothing,84.15,3,252.45,Standard,6,4
ORD-10525,2025-09-08,Male,36,Illinois,Sports,67.63,3,202.89,Standard,8,5
ORD-10981,2025-09-08,Female,55,Washington,Books,36.71,1,36.71,Standard,8,5
ORD-11058,2025-09-08,Male,22,Texas,Electronics,532.29,3,1596.87,Standard,5,5
ORD-11091,2025-09-08,Female,67,Georgia,Sports,83.91,1,83.91,Express,3,2
ORD-11132,2025-09-08,Male,24,Florida,Home & Kitchen,172.49,2,344.98,Standard,3,5
ORD-11343,2025-09-08,Female,44,California,Electronics,492.72,2,985.44,Standard,6,3
ORD-11852,2025-09-08,Female,54,Florida,Clothing,68.27,2,136.54,Standard,5,3
ORD-11892,2025-09-08,Male,24,California,Sports,129.59,1,129.59,Standard,7,4
ORD-12633,2025-09-08,Female,66,Georgia,Sports,294.31,2,588.62,Express,2,4
ORD-12865,2025-09-08,Female,35,California,Electronics,275.08,4,1100.32,Standard,3,5
ORD-12990,2025-09-08,Female,30,Florida,Home & Kitchen,236.1,4,944.4,Standard,8,3
ORD-10193,2025-09-09,Male,56,Illinois,Electronics,147.31,2,294.62,Standard,7,3
ORD-10223,2025-09-09,Female,57,Texas,Clothing,19.43,4,77.72,Standard,7,5
ORD-10224,2025-09-09,Female,28,Ohio,Beauty,55.85,1,55.85,Express,3,4
ORD-10593,2025-09-09,Female,56,Ohio,Clothing,54.89,2,109.78,Standard,4,4
ORD-11002,2025-09-09,Female,40,Illinois,Sports,40.02,3,120.06,Standard,3,4
ORD-11315,2025-09-09,Female,25,Illinois,Beauty,20.95,1,20.95,Standard,6,5
ORD-11613,2025-09-09,Male,62,California,Clothing,31.97,4,127.88,Standard,7,5
ORD-12854,2025-09-09,Female,63,Washington,Electronics,178.72,3,536.16,Same Day,0,3
ORD-12925,2025-09-09,Female,67,Illinois,Electronics,503.86,3,1511.58,Standard,7,4
ORD-10131,2025-09-10,Female,52,Ohio,Sports,45.61,3,136.83,Same Day,0,5
ORD-10456,2025-09-10,Female,55,California,Books,36.47,2,72.94,Standard,4,3
ORD-11052,2025-09-10,Female,69,Ohio,Beauty,14.57,4,58.28,Same Day,0,3
ORD-11152,2025-09-10,Male,69,Texas,Electronics,555.83,2,1111.66,Standard,3,5
ORD-11156,2025-09-10,Male,40,California,Electronics,155.38,1,155.38,Standard,3,5
ORD-12116,2025-09-10,Male,51,Texas,Books,28.9,4,115.6,Same Day,0,3
ORD-12763,2025-09-10,Male,22,New York,Electronics,556.25,1,556.25,Standard,3,5
ORD-10022,2025-09-11,Male,34,Washington,Beauty,42.01,4,168.04,Standard,7,5
ORD-10166,2025-09-11,Female,30,California,Sports,145.55,1,145.55,Express,3,4
ORD-10588,2025-09-11,Male,46,Florida,Electronics,122.75,3,368.25,Standard,7,5
ORD-11044,2025-09-11,Female,40,California,Home & Kitchen,225.59,4,902.36,Standard,3,4
ORD-11237,2025-09-11,Male,39,Florida,Sports,142.9,3,428.7,Express,3,4
ORD-11314,2025-09-11,Female,18,Florida,Sports,250.55,2,501.1,Standard,4,4
ORD-12108,2025-09-11,Female,48,Ohio,Home & Kitchen,230.21,1,230.21,Same Day,0,5
ORD-12502,2025-09-11,Female,45,New York,Home & Kitchen,96.34,3,289.02,Express,1,4
ORD-12513,2025-09-11,Female,19,Florida,Beauty,37.45,4,149.8,Standard,5,5
ORD-10051,2025-09-12,Female,51,Ohio,Sports,54.61,2,109.22,Same Day,0,5
ORD-10061,2025-09-12,Female,33,New York,Clothing,48.29,1,48.29,Express,1,4
ORD-10432,2025-09-12,Female,27,California,Books,30.99,1,30.99,Express,3,5
ORD-10577,2025-09-12,Female,27,New York,Electronics,171.39,1,171.39,Standard,5,5
ORD-10637,2025-09-12,Female,26,Washington,Sports,53.44,4,213.76,Standard,6,5
ORD-10881,2025-09-12,Male,34,Florida,Home & Kitchen,248.48,4,993.92,Standard,7,5
ORD-11597,2025-09-12,Male,20,California,Electronics,526.85,4,2107.4,Standard,7,2
ORD-11855,2025-09-12,Male,52,California,Sports,105.64,1,105.64,Standard,5,4
ORD-12868,2025-09-12,Female,59,Texas,Home & Kitchen,95.38,1,95.38,Standard,6,4
ORD-11224,2025-09-13,Female,18,California,Sports,70.91,1,70.91,Standard,3,4
ORD-11324,2025-09-13,Male,20,New York,Home & Kitchen,96.06,1,96.06,Standard,6,5
ORD-11341,2025-09-13,Female,68,Texas,Beauty,21.17,4,84.68,Express,3,5
ORD-12511,2025-09-13,Male,54,Georgia,Books,7.62,4,30.48,Standard,8,3
ORD-12666,2025-09-13,Female,38,California,Electronics,394.92,2,789.84,Express,3,3
ORD-12842,2025-09-13,Male,27,California,Beauty,51.7,2,103.4,Standard,6,5
ORD-12874,2025-09-13,Male,20,Washington,Clothing,41.6,2,83.2,Standard,5,4
ORD-10059,2025-09-14,Male,28,California,Sports,57.95,4,231.8,Standard,3,4
ORD-10270,2025-09-14,Male,31,New York,Sports,47.71,3,143.13,Express,3,2
ORD-10399,2025-09-14,Male,42,Washington,Electronics,219.12,2,438.24,Express,3,2
ORD-10406,2025-09-14,Female,62,Texas,Books,18.64,3,55.92,Express,1,5
ORD-10440,2025-09-14,Male,39,California,Sports,136.34,2,272.68,Standard,7,5
ORD-11095,2025-09-14,Female,61,New York,Electronics,278.63,1,278.63,Same Day,0,2
ORD-11817,2025-09-14,Male,40,Illinois,Sports,262.09,2,524.18,Express,2,5
ORD-12115,2025-09-14,Male,39,New York,Beauty,22.35,4,89.4,Express,1,4
ORD-12843,2025-09-14,Male,31,Florida,Clothing,56.29,4,225.16,Standard,4,3
ORD-12875,2025-09-14,Female,26,Florida,Electronics,338.31,3,1014.93,Express,3,5
ORD-10797,2025-09-15,Female,30,California,Home & Kitchen,151.69,3,455.07,Standard,5,5
ORD-11083,2025-09-15,Female,56,Illinois,Sports,92.95,3,278.85,Express,3,4
ORD-11353,2025-09-15,Female,18,Georgia,Home & Kitchen,249.76,1,249.76,Express,2,3
ORD-12138,2025-09-15,Female,22,Georgia,Electronics,159.63,2,319.26,Express,1,5
ORD-12476,2025-09-15,Female,37,California,Electronics,252.07,3,756.21,Express,1,5
ORD-12844,2025-09-15,Male,46,California,Electronics,393.0,4,1572.0,Standard,8,4
ORD-10474,2025-09-16,Male,30,California,Electronics,444.21,4,1776.84,Standard,7,2
ORD-10591,2025-09-16,Female,48,Texas,Electronics,591.47,4,2365.88,Express,1,4
ORD-10706,2025-09-16,Female,30,California,Books,27.13,4,108.52,Standard,8,3
ORD-10842,2025-09-16,Male,32,Florida,Home & Kitchen,167.45,2,334.9,Standard,8,5
ORD-10937,2025-09-16,Male,64,Florida,Electronics,147.24,1,147.24,Express,2,5
ORD-10990,2025-09-16,Male,31,New York,Beauty,30.74,2,61.48,Standard,4,5
ORD-11745,2025-09-16,Female,67,Florida,Electronics,578.6,1,578.6,Standard,3,4
ORD-11800,2025-09-16,Male,38,Washington,Home & Kitchen,168.55,1,168.55,Express,2,5
ORD-11980,2025-09-16,Female,69,Georgia,Electronics,516.38,4,2065.52,Standard,7,5
ORD-12347,2025-09-16,Female,45,California,Clothing,54.11,4,216.44,Standard,8,4
ORD-10060,2025-09-17,Female,56,Georgia,Books,10.45,4,41.8,Same Day,0,3
ORD-10227,2025-09-17,Male,42,Illinois,Clothing,51.7,4,206.8,Same Day,0,5
ORD-11195,2025-09-17,Male,41,California,Clothing,86.59,3,259.77,Express,3,4
ORD-11531,2025-09-17,Male,18,Illinois,Clothing,63.13,1,63.13,Standard,7,5
ORD-12007,2025-09-17,Male,19,Illinois,Sports,184.86,2,369.72,Standard,6,5
ORD-12177,2025-09-17,Female,57,Georgia,Home & Kitchen,213.06,4,852.24,Express,1,5
ORD-12325,2025-09-17,Female,20,California,Books,31.06,3,93.18,Standard,8,5
ORD-12424,2025-09-17,Female,21,Ohio,Home & Kitchen,51.99,1,51.99,Standard,6,2
ORD-10000,2025-09-18,Male,24,Florida,Home & Kitchen,37.25,4,149.0,Standard,6,3
ORD-10330,2025-09-18,Female,41,Florida,Electronics,174.06,3,522.18,Express,3,2
ORD-10901,2025-09-18,Male,58,Washington,Sports,81.26,2,162.52,Standard,4,5
ORD-11016,2025-09-18,Male,29,California,Clothing,59.48,4,237.92,Standard,5,3
ORD-11523,2025-09-18,Male,28,California,Clothing,26.76,4,107.04,Same Day,0,4
ORD-11654,2025-09-18,Male,41,Illinois,Home & Kitchen,50.88,4,203.52,Standard,3,3
ORD-11903,2025-09-18,Male,20,New York,Books,21.21,1,21.21,Standard,6,1
ORD-10477,2025-09-19,Female,40,Washington,Books,8.99,1,8.99,Express,3,3
ORD-10702,2025-09-19,Female,62,California,Sports,298.0,1,298.0,Standard,3,4
ORD-10719,2025-09-19,Female,52,California,Electronics,496.76,4,1987.04,Same Day,0,5
ORD-10823,2025-09-19,Female,20,California,Beauty,12.58,1,12.58,Standard,3,3
ORD-11890,2025-09-19,Female,49,Ohio,Sports,180.39,2,360.78,Same Day,0,5
ORD-12004,2025-09-19,Female,20,Ohio,Beauty,15.37,3,46.11,Standard,4,5
ORD-12082,2025-09-19,Male,31,Texas,Home & Kitchen,78.2,1,78.2,Standard,6,3
ORD-12135,2025-09-19,Female,36,California,Books,39.17,2,78.34,Standard,3,4
ORD-10078,2025-09-20,Male,50,Texas,Beauty,51.24,4,204.96,Standard,5,5
ORD-10204,2025-09-20,Male,33,New York,Electronics,210.61,2,421.22,Standard,5,5
ORD-10213,2025-09-20,Male,42,New York,Beauty,50.83,1,50.83,Same Day,0,3
ORD-10898,2025-09-20,Male,49,Ohio,Home & Kitchen,175.65,4,702.6,Express,3,4
ORD-11773,2025-09-20,Male,47,Texas,Electronics,297.5,2,595.0,Express,1,4
ORD-12012,2025-09-20,Female,45,Washington,Electronics,567.72,2,1135.44,Standard,8,4
ORD-12581,2025-09-20,Male,64,Texas,Clothing,40.27,3,120.81,Same Day,0,1
ORD-10154,2025-09-21,Female,40,Florida,Electronics,598.45,4,2393.8,Express,1,1
ORD-10845,2025-09-21,Female,27,California,Sports,72.64,1,72.64,Standard,6,5
ORD-11596,2025-09-21,Male,41,New York,Clothing,46.8,2,93.6,Standard,4,5
ORD-12021,2025-09-21,Male,25,California,Clothing,45.92,3,137.76,Standard,6,5
ORD-12068,2025-09-21,Female,22,Georgia,Electronics,261.09,2,522.18,Standard,6,5
ORD-12339,2025-09-21,Male,27,Texas,Electronics,278.27,1,278.27,Standard,6,3
ORD-10028,2025-09-22,Female,28,California,Sports,201.31,2,402.62,Standard,7,5
ORD-10542,2025-09-22,Male,28,California,Home & Kitchen,30.22,2,60.44,Standard,5,4
ORD-10950,2025-09-22,Male,26,Texas,Clothing,18.47,4,73.88,Standard,8,4
ORD-11513,2025-09-22,Female,48,California,Electronics,413.86,3,1241.58,Express,1,2
ORD-11949,2025-09-22,Female,22,Illinois,Beauty,36.88,2,73.76,Standard,8,5
ORD-12668,2025-09-22,Female,67,Texas,Beauty,25.91,4,103.64,Standard,6,2
ORD-12796,2025-09-22,Female,68,Washington,Sports,196.66,4,786.64,Standard,5,4
ORD-12832,2025-09-22,Female,51,Texas,Electronics,426.1,3,1278.3,Express,1,5
ORD-12926,2025-09-22,Female,65,Ohio,Home & Kitchen,190.0,3,570.0,Standard,3,4
ORD-10695,2025-09-23,Female,18,Georgia,Clothing,42.0,3,126.0,Same Day,0,4
ORD-10700,2025-09-23,Female,52,Texas,Home & Kitchen,83.63,4,334.52,Standard,8,5
ORD-10833,2025-09-23,Male,42,Florida,Books,24.14,2,48.28,Express,1,4
ORD-12200,2025-09-23,Male,66,Washington,Clothing,23.29,1,23.29,Standard,5,5
ORD-12604,2025-09-23,Female,44,California,Books,39.72,4,158.88,Standard,5,4
ORD-12939,2025-09-23,Female,58,California,Books,33.18,1,33.18,Standard,3,4
ORD-10761,2025-09-24,Male,48,Florida,Home & Kitchen,125.9,2,251.8,Standard,3,5
ORD-11117,2025-09-24,Male,52,New York,Clothing,19.49,1,19.49,Same Day,0,1
ORD-11298,2025-09-24,Male,21,Florida,Clothing,85.73,2,171.46,Express,2,4
ORD-11741,2025-09-24,Male,57,Ohio,Books,27.44,1,27.44,Standard,7,5
ORD-12092,2025-09-24,Female,21,Washington,Beauty,14.72,2,29.44,Standard,5,4
ORD-12525,2025-09-24,Female,28,Florida,Beauty,15.24,2,30.48,Express,1,5
ORD-12682,2025-09-24,Female,54,Texas,Electronics,365.49,4,1461.96,Standard,3,4
ORD-12771,2025-09-24,Male,50,Ohio,Beauty,21.74,2,43.48,Standard,3,5
ORD-12782,2025-09-24,Female,26,Ohio,Books,7.72,2,15.44,Standard,3,3
ORD-10222,2025-09-25,Male,26,Florida,Clothing,32.81,1,32.81,Same Day,0,4
ORD-10451,2025-09-25,Male,63,New York,Sports,190.42,1,190.42,Standard,7,3
ORD-10487,2025-09-25,Female,19,Texas,Home & Kitchen,204.54,3,613.62,Standard,6,3
ORD-10642,2025-09-25,Male,61,Florida,Sports,87.72,2,175.44,Standard,5,4
ORD-12208,2025-09-25,Female,18,Illinois,Beauty,30.66,1,30.66,Express,1,5
ORD-12531,2025-09-25,Female,23,Florida,Home & Kitchen,210.23,1,210.23,Standard,5,5
ORD-12577,2025-09-25,Female,37,New York,Sports,186.89,2,373.78,Express,1,5
ORD-12630,2025-09-25,Female,24,Ohio,Clothing,62.73,4,250.92,Express,1,3
ORD-10191,2025-09-26,Male,61,California,Clothing,30.09,2,60.18,Same Day,0,4
ORD-10567,2025-09-26,Female,27,New York,Sports,114.06,3,342.18,Standard,3,4
ORD-10697,2025-09-26,Female,52,Washington,Clothing,60.3,3,180.9,Standard,3,4
ORD-11939,2025-09-26,Male,53,Florida,Electronics,555.85,1,555.85,Express,1,5
ORD-12305,2025-09-26,Female,23,California,Clothing,85.34,4,341.36,Standard,5,4
ORD-12560,2025-09-26,Female,27,New York,Electronics,554.31,3,1662.93,Standard,8,4
ORD-12729,2025-09-26,Male,55,Florida,Clothing,29.15,2,58.3,Standard,8,5
ORD-10086,2025-09-27,Male,55,Washington,Electronics,531.67,2,1063.34,Standard,5,3
ORD-10473,2025-09-27,Male,66,Washington,Books,37.57,2,75.14,Standard,4,1
ORD-10669,2025-09-27,Male,23,Florida,Electronics,242.52,3,727.56,Standard,6,5
ORD-11049,2025-09-27,Female,24,California,Clothing,30.01,4,120.04,Express,1,4
ORD-11123,2025-09-27,Male,49,California,Home & Kitchen,155.44,2,310.88,Same Day,0,5
ORD-11151,2025-09-27,Male,47,Florida,Electronics,316.74,1,316.74,Standard,4,4
ORD-12437,2025-09-27,Male,56,California,Home & Kitchen,239.48,1,239.48,Standard,6,3
ORD-12452,2025-09-27,Male,57,Washington,Sports,240.79,2,481.58,Standard,6,5
ORD-12987,2025-09-27,Male,48,Ohio,Books,9.04,1,9.04,Standard,4,3
ORD-10018,2025-09-28,Male,63,California,Electronics,507.15,2,1014.3,Standard,7,4
ORD-10106,2025-09-28,Male,29,Ohio,Books,6.94,4,27.76,Same Day,0,4
ORD-10171,2025-09-28,Female,39,Illinois,Home & Kitchen,219.44,2,438.88,Standard,3,4
ORD-10433,2025-09-28,Female,42,Texas,Sports,70.48,3,211.44,Express,2,4
ORD-11147,2025-09-28,Female,23,Florida,Clothing,67.4,2,134.8,Express,2,5
ORD-11912,2025-09-28,Male,67,California,Clothing,61.41,3,184.23,Standard,6,5
ORD-12279,2025-09-28,Female,25,Florida,Sports,195.0,2,390.0,Express,1,1
ORD-12536,2025-09-28,Female,25,Georgia,Sports,234.66,1,234.66,Standard,6,3
ORD-12551,2025-09-28,Female,28,Texas,Clothing,19.08,4,76.32,Same Day,0,5
ORD-10195,2025-10-01,Male,53,Illinois,Clothing,23.89,2,47.78,Standard,7,4
ORD-10201,2025-10-01,Male,20,Georgia,Electronics,496.22,2,992.44,Standard,8,2
ORD-10226,2025-10-01,Female,30,Florida,Clothing,58.7,2,117.4,Standard,7,4
ORD-10576,2025-10-01,Male,30,Illinois,Home & Kitchen,237.07,4,948.28,Standard,4,5
ORD-10590,2025-10-01,Male,57,Georgia,Electronics,337.29,3,1011.87,Standard,6,5
ORD-11069,2025-10-01,Male,64,Georgia,Clothing,53.49,3,160.47,Standard,3,4
ORD-11077,2025-10-01,Female,63,Georgia,Beauty,13.02,4,52.08,Same Day,0,3
ORD-11528,2025-10-01,Female,68,Florida,Home & Kitchen,83.54,2,167.08,Standard,3,5
ORD-11833,2025-10-01,Male,50,Georgia,Beauty,45.13,2,90.26,Standard,7,4
ORD-12142,2025-10-01,Male,62,Texas,Sports,294.36,3,883.08,Standard,4,5
ORD-12391,2025-10-01,Male,54,New York,Electronics,205.36,3,616.08,Express,2,5
ORD-12538,2025-10-01,Male,43,New York,Home & Kitchen,115.44,4,461.76,Express,3,4
ORD-12720,2025-10-01,Male,50,Florida,Clothing,27.79,3,83.37,Express,2,5
ORD-12908,2025-10-01,Female,26,Texas,Clothing,72.97,1,72.97,Standard,4,3
ORD-12991,2025-10-01,Female,62,California,Electronics,453.47,2,906.94,Standard,3,4
ORD-10243,2025-10-02,Male,43,Illinois,Electronics,562.17,2,1124.34,Standard,5,5
ORD-10275,2025-10-02,Male,50,Illinois,Clothing,37.12,1,37.12,Standard,8,4
ORD-10277,2025-10-02,Female,30,Florida,Clothing,86.74,3,260.22,Standard,5,5
ORD-10322,2025-10-02,Female,30,Texas,Clothing,54.88,4,219.52,Standard,6,5
ORD-11581,2025-10-02,Female,33,New York,Sports,277.81,1,277.81,Same Day,0,5
ORD-11730,2025-10-02,Female,28,Ohio,Home & Kitchen,236.86,1,236.86,Standard,7,2
ORD-12479,2025-10-02,Female,56,Georgia,Electronics,338.27,4,1353.08,Express,3,1
ORD-12487,2025-10-02,Male,19,Texas,Sports,212.33,4,849.32,Express,2,3
ORD-12785,2025-10-02,Male,53,Washington,Sports,167.24,1,167.24,Standard,8,4
ORD-12841,2025-10-02,Female,56,Illinois,Sports,63.59,4,254.36,Standard,7,5
ORD-10034,2025-10-03,Male,53,Washington,Clothing,58.65,2,117.3,Standard,7,5
ORD-11101,2025-10-03,Female,52,New York,Beauty,48.86,4,195.44,Standard,5,3
ORD-11591,2025-10-03,Male,42,California,Home & Kitchen,211.73,4,846.92,Express,1,3
ORD-12128,2025-10-03,Female,35,Illinois,Beauty,41.5,3,124.5,Standard,4,5
ORD-12252,2025-10-03,Female,52,California,Home & Kitchen,175.17,1,175.17,Standard,7,1
ORD-12752,2025-10-03,Male,23,California,Clothing,27.97,1,27.97,Standard,4,5
ORD-11309,2025-10-04,Male,40,New York,Electronics,586.78,3,1760.34,Standard,8,5
ORD-11623,2025-10-04,Male,30,Illinois,Sports,166.31,1,166.31,Standard,4,4
ORD-11780,2025-10-04,Female,29,Georgia,Electronics,299.13,1,299.13,Same Day,0,2
ORD-11802,2025-10-04,Male,64,Texas,Home & Kitchen,170.87,1,170.87,Standard,4,4
ORD-12187,2025-10-04,Female,47,Illinois,Home & Kitchen,42.08,3,126.24,Standard,5,4
ORD-12517,2025-10-04,Male,61,Georgia,Clothing,73.65,2,147.3,Standard,3,5
ORD-12923,2025-10-04,Female,32,Illinois,Home & Kitchen,234.22,3,702.66,Express,1,4
ORD-10428,2025-10-05,Female,55,California,Sports,163.52,4,654.08,Standard,8,3
ORD-10780,2025-10-05,Female,65,California,Beauty,58.06,4,232.24,Standard,4,5
ORD-11246,2025-10-05,Male,28,Washington,Home & Kitchen,73.68,3,221.04,Standard,6,4
ORD-11406,2025-10-05,Male,19,Texas,Clothing,45.73,3,137.19,Same Day,0,5
ORD-11424,2025-10-05,Male,46,New York,Clothing,48.58,4,194.32,Standard,7,4
ORD-11701,2025-10-05,Male,52,New York,Electronics,387.92,3,1163.76,Standard,8,4
ORD-12593,2025-10-05,Male,61,Florida,Books,11.95,3,35.85,Standard,7,5
ORD-10390,2025-10-06,Male,67,Florida,Clothing,78.23,2,156.46,Express,3,4
ORD-11272,2025-10-06,Female,59,Georgia,Electronics,429.94,1,429.94,Same Day,0,5
ORD-11292,2025-10-06,Male,62,California,Home & Kitchen,205.46,1,205.46,Express,3,3
ORD-11362,2025-10-06,Female,39,Florida,Clothing,75.17,3,225.51,Express,1,5
ORD-11619,2025-10-06,Male,18,Georgia,Home & Kitchen,24.0,3,72.0,Standard,8,4
ORD-12006,2025-10-06,Male,37,Florida,Clothing,74.08,4,296.32,Express,2,4
ORD-12101,2025-10-06,Female,53,Washington,Beauty,41.93,1,41.93,Standard,6,4
ORD-12104,2025-10-06,Female,38,Texas,Home & Kitchen,151.48,2,302.96,Express,1,4
ORD-12447,2025-10-06,Female,35,Illinois,Electronics,522.84,1,522.84,Express,1,4
ORD-12519,2025-10-06,Male,27,Georgia,Electronics,525.83,4,2103.32,Express,3,3
ORD-12725,2025-10-06,Male,33,California,Sports,189.11,4,756.44,Express,3,5
ORD-10304,2025-10-07,Female,64,California,Clothing,61.03,2,122.06,Standard,6,3
ORD-10411,2025-10-07,Female,24,Georgia,Sports,56.7,4,226.8,Standard,4,5
ORD-10454,2025-10-07,Female,37,Florida,Clothing,29.57,2,59.14,Standard,7,5
ORD-10469,2025-10-07,Female,67,New York,Electronics,591.33,3,1773.99,Same Day,0,4
ORD-10589,2025-10-07,Female,23,Ohio,Sports,151.3,1,151.3,Same Day,0,5
ORD-10949,2025-10-07,Male,24,New York,Clothing,67.2,4,268.8,Express,1,3
ORD-11970,2025-10-07,Male,39,Georgia,Clothing,21.4,3,64.2,Express,2,5
ORD-12003,2025-10-07,Male,69,Florida,Electronics,313.02,4,1252.08,Express,3,5
ORD-12242,2025-10-07,Female,44,Florida,Clothing,78.13,2,156.26,Standard,3,4
ORD-12373,2025-10-07,Male,26,Illinois,Sports,228.22,1,228.22,Same Day,0,5
ORD-12444,2025-10-07,Female,22,Florida,Home & Kitchen,129.2,1,129.2,Standard,7,5
ORD-12845,2025-10-07,Male,38,Texas,Books,18.85,3,56.55,Express,2,4
ORD-10231,2025-10-08,Female,65,Florida,Electronics,272.23,1,272.23,Express,2,5
ORD-10494,2025-10-08,Female,24,Georgia,Clothing,82.33,3,246.99,Standard,3,1
ORD-10646,2025-10-08,Female,32,New York,Beauty,58.02,1,58.02,Standard,5,3
ORD-10910,2025-10-08,Female,48,Georgia,Books,13.92,3,41.76,Express,3,4
ORD-11311,2025-10-08,Male,44,New York,Home & Kitchen,128.05,1,128.05,Standard,3,3
ORD-11969,2025-10-08,Female,50,New York,Beauty,27.42,3,82.26,Standard,4,3
ORD-12076,2025-10-08,Male,19,Florida,Clothing,87.93,3,263.79,Express,3,5
ORD-12294,2025-10-08,Female,53,California,Beauty,30.69,4,122.76,Standard,6,3
ORD-12349,2025-10-08,Male,65,Washington,Sports,64.01,3,192.03,Standard,4,5
ORD-12521,2025-10-08,Male,41,Ohio,Electronics,243.63,2,487.26,Standard,5,4
ORD-12775,2025-10-08,Male,25,Texas,Books,33.31,2,66.62,Same Day,0,1
ORD-10153,2025-10-09,Female,27,Florida,Electronics,490.18,1,490.18,Standard,3,5
ORD-10574,2025-10-09,Male,25,Washington,Sports,150.74,4,602.96,Same Day,0,5
ORD-10645,2025-10-09,Female,33,Texas,Home & Kitchen,238.78,3,716.34,Same Day,0,3
ORD-10961,2025-10-09,Male,40,Washington,Clothing,65.14,1,65.14,Standard,8,4
ORD-11020,2025-10-09,Male,48,California,Electronics,495.74,4,1982.96,Standard,5,4
ORD-11032,2025-10-09,Female,19,Illinois,Books,7.63,4,30.52,Standard,5,4
ORD-11212,2025-10-09,Male,19,Ohio,Beauty,39.41,3,118.23,Standard,5,3
ORD-11301,2025-10-09,Female,18,Washington,Electronics,426.01,4,1704.04,Standard,3,5
ORD-11349,2025-10-09,Male,45,Georgia,Beauty,21.28,4,85.12,Standard,4,5
ORD-12237,2025-10-09,Female,39,Georgia,Electronics,526.79,4,2107.16,Standard,3,5
ORD-12541,2025-10-09,Female,45,Ohio,Electronics,336.94,1,336.94,Standard,3,1
ORD-12773,2025-10-09,Female,54,New York,Clothing,62.61,2,125.22,Standard,3,1
ORD-10085,2025-10-10,Female,34,Illinois,Sports,111.08,3,333.24,Express,1,5
ORD-10392,2025-10-10,Female,49,Georgia,Electronics,179.39,4,717.56,Standard,6,5
ORD-10510,2025-10-10,Male,19,Georgia,Beauty,25.19,4,100.76,Standard,8,5
ORD-10519,2025-10-10,Female,47,Florida,Electronics,390.17,4,1560.68,Standard,7,2
ORD-11335,2025-10-10,Male,51,California,Beauty,22.14,4,88.56,Standard,6,5
ORD-11423,2025-10-10,Male,41,Texas,Clothing,24.19,4,96.76,Standard,6,3
ORD-12316,2025-10-10,Male,57,Illinois,Home & Kitchen,209.69,2,419.38,Standard,4,5
ORD-12434,2025-10-10,Male,47,Texas,Clothing,52.6,4,210.4,Express,1,5
ORD-12732,2025-10-10,Male,64,New York,Clothing,50.73,1,50.73,Standard,3,5
ORD-12818,2025-10-10,Female,51,Ohio,Clothing,45.47,4,181.88,Standard,7,4
ORD-12823,2025-10-10,Female,46,Illinois,Electronics,126.84,2,253.68,Standard,3,4
ORD-10293,2025-10-11,Female,20,New York,Clothing,52.45,3,157.35,Express,3,5
ORD-10313,2025-10-11,Male,56,Texas,Clothing,40.8,2,81.6,Standard,8,3
ORD-10624,2025-10-11,Female,38,New York,Clothing,62.42,3,187.26,Standard,6,5
ORD-10904,2025-10-11,Female,39,California,Electronics,422.94,4,1691.76,Standard,5,4
ORD-11201,2025-10-11,Female,59,Washington,Sports,58.52,4,234.08,Standard,8,4
ORD-11274,2025-10-11,Male,27,New York,Home & Kitchen,164.36,3,493.08,Express,1,5
ORD-11330,2025-10-11,Male,23,Ohio,Clothing,17.8,3,53.4,Standard,5,3
ORD-11380,2025-10-11,Female,38,Washington,Electronics,484.01,2,968.02,Standard,3,5
ORD-11477,2025-10-11,Male,55,Florida,Sports,131.63,3,394.89,Express,2,4
ORD-11562,2025-10-11,Male,43,Texas,Home & Kitchen,66.22,4,264.88,Express,2,5
ORD-11909,2025-10-11,Female,68,New York,Home & Kitchen,64.51,1,64.51,Standard,3,5
ORD-12398,2025-10-11,Female,63,Washington,Books,16.67,2,33.34,Same Day,0,5
ORD-12540,2025-10-11,Female,48,New York,Sports,177.17,4,708.68,Standard,8,4
ORD-12701,2025-10-11,Male,35,Ohio,Clothing,40.91,4,163.64,Same Day,0,4
ORD-12966,2025-10-11,Female,25,Texas,Beauty,23.15,2,46.3,Express,1,4
ORD-10359,2025-10-12,Female,46,Georgia,Home & Kitchen,78.98,4,315.92,Standard,5,4
ORD-10447,2025-10-12,Male,31,Texas,Beauty,23.28,4,93.12,Standard,4,4
ORD-10619,2025-10-12,Male,47,California,Electronics,349.95,3,1049.85,Standard,8,5
ORD-11388,2025-10-12,Male,23,Texas,Home & Kitchen,138.04,4,552.16,Express,2,4
ORD-11499,2025-10-12,Female,35,New York,Electronics,329.28,4,1317.12,Standard,3,5
ORD-12268,2025-10-12,Female,49,Ohio,Electronics,331.1,2,662.2,Standard,5,3
ORD-12466,2025-10-12,Female,25,Washington,Home & Kitchen,123.14,4,492.56,Same Day,0,3
ORD-12655,2025-10-12,Female,61,Georgia,Sports,252.7,1,252.7,Standard,7,3
ORD-12698,2025-10-12,Female,68,Texas,Clothing,50.64,3,151.92,Standard,4,3
ORD-12699,2025-10-12,Male,59,Illinois,Electronics,412.59,2,825.18,Standard,8,5
ORD-12887,2025-10-12,Male,39,Florida,Electronics,369.6,3,1108.8,Same Day,0,5
ORD-10073,2025-10-13,Female,68,Texas,Books,28.11,2,56.22,Standard,7,3
ORD-10280,2025-10-13,Male,21,Georgia,Sports,94.02,4,376.08,Standard,5,4
ORD-10294,2025-10-13,Female,50,Texas,Clothing,85.93,2,171.86,Standard,4,5
ORD-10423,2025-10-13,Female,36,Texas,Home & Kitchen,59.39,4,237.56,Express,1,5
ORD-10430,2025-10-13,Male,26,Florida,Beauty,12.01,1,12.01,Standard,7,4
ORD-10475,2025-10-13,Female,64,Florida,Clothing,69.19,1,69.19,Standard,6,5
ORD-10517,2025-10-13,Male,65,Washington,Beauty,43.72,4,174.88,Same Day,0,4
ORD-11215,2025-10-13,Male,41,Georgia,Books,8.3,4,33.2,Standard,6,2
ORD-11337,2025-10-13,Female,24,Illinois,Clothing,51.86,4,207.44,Express,1,4
ORD-11414,2025-10-13,Male,49,California,Clothing,82.39,3,247.17,Standard,4,5
ORD-11626,2025-10-13,Male,54,Washington,Electronics,129.9,3,389.7,Express,1,3
ORD-11632,2025-10-13,Female,65,Texas,Beauty,42.95,2,85.9,Standard,5,4
ORD-11645,2025-10-13,Female,18,Florida,Books,36.89,1,36.89,Standard,3,4
ORD-11682,2025-10-13,Female,40,Texas,Books,16.73,2,33.46,Standard,6,5
ORD-12485,2025-10-13,Male,36,Florida,Beauty,11.31,4,45.24,Standard,6,5
ORD-10236,2025-10-14,Male,23,Ohio,Electronics,195.76,3,587.28,Same Day,0,5
ORD-10541,2025-10-14,Female,65,Texas,Electronics,523.55,4,2094.2,Standard,8,5
ORD-10650,2025-10-14,Female,50,Illinois,Electronics,506.12,1,506.12,Express,2,1
ORD-11318,2025-10-14,Male,28,Georgia,Clothing,24.35,3,73.05,Standard,7,4
ORD-11392,2025-10-14,Female,28,Washington,Books,18.94,4,75.76,Standard,7,2
ORD-11449,2025-10-14,Male,29,Georgia,Clothing,44.66,4,178.64,Express,2,5
ORD-11489,2025-10-14,Female,48,Texas,Beauty,41.68,2,83.36,Standard,7,4
ORD-11501,2025-10-14,Male,55,Illinois,Electronics,188.63,3,565.89,Express,2,4
ORD-11624,2025-10-14,Female,62,Washington,Books,32.81,3,98.43,Express,2,5
ORD-11649,2025-10-14,Female,59,California,Home & Kitchen,158.5,2,317.0,Express,2,5
ORD-12317,2025-10-14,Female,43,Illinois,Sports,138.51,1,138.51,Standard,3,3
ORD-10300,2025-10-15,Female,26,Texas,Books,37.95,1,37.95,Standard,4,4
ORD-10799,2025-10-15,Female,66,Ohio,Clothing,60.87,3,182.61,Same Day,0,4
ORD-10979,2025-10-15,Male,38,New York,Home & Kitchen,244.16,1,244.16,Same Day,0,5
ORD-11026,2025-10-15,Male,33,Washington,Beauty,31.5,2,63.0,Standard,7,5
ORD-11060,2025-10-15,Female,51,Texas,Clothing,57.78,2,115.56,Standard,3,3
ORD-11128,2025-10-15,Female,54,California,Electronics,196.38,1,196.38,Standard,8,4
ORD-11409,2025-10-15,Female,62,Georgia,Books,31.99,4,127.96,Standard,7,4
ORD-11651,2025-10-15,Male,51,California,Books,7.19,2,14.38,Standard,3,5
ORD-11811,2025-10-15,Male,46,Georgia,Sports,234.83,2,469.66,Express,1,1
ORD-11993,2025-10-15,Female,43,California,Home & Kitchen,94.22,3,282.66,Standard,5,5
ORD-12090,2025-10-15,Female,61,Illinois,Clothing,71.58,1,71.58,Standard,5,5
ORD-12228,2025-10-15,Male,28,California,Books,21.47,3,64.41,Standard,8,4
ORD-12342,2025-10-15,Female,42,Washington,Home & Kitchen,68.78,4,275.12,Standard,6,4
ORD-12702,2025-10-15,Female,68,Texas,Clothing,39.79,4,159.16,Standard,7,4
ORD-10167,2025-10-16,Female,57,Washington,Electronics,221.34,3,664.02,Express,1,5
ORD-10418,2025-10-16,Female,20,California,Sports,38.27,1,38.27,Standard,5,5
ORD-10848,2025-10-16,Male,41,Ohio,Electronics,517.61,1,517.61,Standard,5,4
ORD-11468,2025-10-16,Female,54,Georgia,Electronics,454.07,4,1816.28,Standard,8,5
ORD-11697,2025-10-16,Female,53,Ohio,Clothing,70.97,1,70.97,Standard,8,4
ORD-11705,2025-10-16,Male,66,Texas,Sports,56.78,2,113.56,Same Day,0,5
ORD-11740,2025-10-16,Female,24,Texas,Clothing,71.12,4,284.48,Express,2,4
ORD-11934,2025-10-16,Male,63,New York,Clothing,29.64,4,118.56,Standard,5,5
ORD-12249,2025-10-16,Female,24,Washington,Sports,94.72,3,284.16,Express,1,5
ORD-12269,2025-10-16,Female,32,California,Sports,52.65,4,210.6,Express,1,4
ORD-12762,2025-10-16,Female,58,Florida,Books,19.89,2,39.78,Standard,8,2
ORD-12910,2025-10-16,Male,26,Washington,Home & Kitchen,110.8,3,332.4,Standard,5,4
ORD-10152,2025-10-17,Male,54,California,Clothing,68.28,3,204.84,Standard,3,5
ORD-10342,2025-10-17,Male,18,New York,Clothing,20.93,1,20.93,Same Day,0,4
ORD-10597,2025-10-17,Male,61,New York,Sports,292.69,3,878.07,Standard,4,5
ORD-10698,2025-10-17,Female,37,California,Clothing,60.8,3,182.4,Standard,3,4
ORD-10992,2025-10-17,Male,42,Texas,Home & Kitchen,91.5,4,366.0,Express,2,3
ORD-11220,2025-10-17,Male,66,California,Sports,43.57,1,43.57,Standard,7,4
ORD-11238,2025-10-17,Male,30,New York,Clothing,26.67,1,26.67,Standard,3,5
ORD-11313,2025-10-17,Male,47,Washington,Home & Kitchen,132.77,1,132.77,Express,3,5
ORD-11411,2025-10-17,Female,41,California,Electronics,274.31,4,1097.24,Standard,3,5
ORD-12529,2025-10-17,Female,67,Illinois,Clothing,87.33,1,87.33,Standard,8,2
ORD-12695,2025-10-17,Male,28,Washington,Electronics,131.12,3,393.36,Standard,3,4
ORD-12817,2025-10-17,Female,35,Washington,Beauty,50.62,4,202.48,Standard,3,4
ORD-10247,2025-10-18,Female,62,Texas,Clothing,17.0,1,17.0,Express,2,5
ORD-10718,2025-10-18,Female,55,Illinois,Sports,185.03,2,370.06,Same Day,0,4
ORD-10876,2025-10-18,Male,59,Washington,Clothing,56.12,3,168.36,Standard,6,4
ORD-11258,2025-10-18,Male,27,Florida,Electronics,136.85,1,136.85,Same Day,0,5
ORD-11339,2025-10-18,Male,45,New York,Electronics,189.12,1,189.12,Standard,4,5
ORD-11636,2025-10-18,Male,41,New York,Home & Kitchen,150.54,4,602.16,Standard,6,5
ORD-12770,2025-10-18,Female,39,California,Electronics,194.31,1,194.31,Standard,5,4
ORD-12980,2025-10-18,Male,22,California,Electronics,528.49,1,528.49,Standard,7,4
ORD-11183,2025-10-19,Female,57,Ohio,Beauty,35.3,2,70.6,Standard,4,3
ORD-11647,2025-10-19,Female,41,Texas,Electronics,316.85,3,950.55,Standard,4,5
ORD-11766,2025-10-19,Female,66,Texas,Clothing,59.02,1,59.02,Express,3,5
ORD-12480,2025-10-19,Female,52,New York,Clothing,57.06,4,228.24,Express,1,5
ORD-12600,2025-10-19,Male,42,New York,Electronics,550.59,4,2202.36,Express,2,5
ORD-12883,2025-10-19,Female,38,New York,Electronics,303.73,3,911.19,Express,3,5
ORD-10410,2025-10-20,Male,30,Georgia,Beauty,43.55,2,87.1,Standard,7,3
ORD-10476,2025-10-20,Male,65,Washington,Books,20.05,1,20.05,Express,2,5
ORD-10652,2025-10-20,Female,45,California,Home & Kitchen,198.56,2,397.12,Standard,5,5
ORD-11063,2025-10-20,Male,30,Ohio,Home & Kitchen,164.41,4,657.64,Standard,6,5
ORD-11866,2025-10-20,Male,68,Washington,Clothing,42.75,2,85.5,Standard,8,5
ORD-12337,2025-10-20,Female,60,Illinois,Clothing,61.55,4,246.2,Standard,5,4
ORD-12371,2025-10-20,Female,58,Florida,Books,14.75,3,44.25,Standard,6,4
ORD-12938,2025-10-20,Male,64,California,Beauty,50.88,1,50.88,Standard,6,4
ORD-12950,2025-10-20,Female,61,New York,Clothing,35.68,2,71.36,Express,1,3
ORD-10453,2025-10-21,Female,37,Texas,Clothing,53.0,3,159.0,Standard,5,5
ORD-10598,2025-10-21,Female,64,Illinois,Books,10.34,4,41.36,Standard,6,5
ORD-10784,2025-10-21,Female,33,Ohio,Books,38.05,4,152.2,Standard,4,1
ORD-11304,2025-10-21,Female,39,Illinois,Beauty,11.92,3,35.76,Standard,4,4
ORD-11508,2025-10-21,Female,61,California,Books,17.23,2,34.46,Standard,4,2
ORD-11532,2025-10-21,Male,20,Ohio,Home & Kitchen,46.76,1,46.76,Standard,3,5
ORD-11896,2025-10-21,Female,39,Washington,Electronics,233.73,2,467.46,Express,2,5
ORD-12150,2025-10-21,Female,38,Texas,Books,17.27,3,51.81,Standard,5,4
ORD-12272,2025-10-21,Male,58,Florida,Sports,199.72,3,599.16,Express,1,5
ORD-12902,2025-10-21,Female,36,New York,Sports,267.23,2,534.46,Standard,6,4
ORD-10124,2025-10-22,Male,57,New York,Electronics,283.91,4,1135.64,Express,3,4
ORD-10534,2025-10-22,Male,60,Texas,Home & Kitchen,176.83,3,530.49,Standard,5,5
ORD-10896,2025-10-22,Male,51,New York,Electronics,429.82,4,1719.28,Standard,6,3
ORD-10969,2025-10-22,Female,26,Washington,Beauty,44.25,2,88.5,Express,1,2
ORD-11582,2025-10-22,Male,59,Washington,Electronics,430.12,3,1290.36,Standard,6,3
ORD-12055,2025-10-22,Male,35,Georgia,Books,35.04,3,105.12,Express,3,5
ORD-12344,2025-10-22,Male,30,Texas,Electronics,573.78,3,1721.34,Standard,3,1
ORD-12717,2025-10-22,Male,65,New York,Beauty,53.05,1,53.05,Standard,3,5
ORD-12756,2025-10-22,Female,24,Illinois,Electronics,394.07,3,1182.21,Standard,6,3
ORD-12992,2025-10-22,Female,52,Illinois,Electronics,280.75,3,842.25,Same Day,0,4
ORD-10415,2025-10-23,Male,26,California,Books,35.5,2,71.0,Express,2,1
ORD-11263,2025-10-23,Female,33,Georgia,Clothing,50.9,3,152.7,Standard,5,3
ORD-12157,2025-10-23,Male,66,Florida,Books,25.02,2,50.04,Express,3,4
ORD-12380,2025-10-23,Male,39,Texas,Electronics,345.26,2,690.52,Standard,5,5
ORD-10070,2025-10-24,Male,30,Washington,Beauty,43.74,3,131.22,Standard,6,5
ORD-10107,2025-10-24,Female,69,California,Clothing,34.67,4,138.68,Standard,7,5
ORD-10751,2025-10-24,Female,46,California,Electronics,334.23,3,1002.69,Standard,8,4
ORD-11142,2025-10-24,Male,53,Florida,Books,21.37,1,21.37,Standard,8,5
ORD-11471,2025-10-24,Female,51,Georgia,Electronics,353.78,1,353.78,Standard,4,5
ORD-11679,2025-10-24,Male,25,Ohio,Electronics,432.24,1,432.24,Standard,6,5
ORD-12051,2025-10-24,Male,20,Georgia,Clothing,59.45,4,237.8,Standard,6,4
ORD-12066,2025-10-24,Female,59,Texas,Electronics,307.09,3,921.27,Standard,5,4
ORD-12453,2025-10-24,Female,55,New York,Home & Kitchen,166.22,1,166.22,Standard,7,4
ORD-10062,2025-10-25,Male,32,Texas,Electronics,587.51,3,1762.53,Standard,4,3
ORD-10836,2025-10-25,Female,41,Georgia,Home & Kitchen,163.98,3,491.94,Same Day,0,5
ORD-10926,2025-10-25,Male,57,Washington,Home & Kitchen,31.87,1,31.87,Standard,7,4
ORD-11158,2025-10-25,Female,38,New York,Clothing,71.37,1,71.37,Express,2,5
ORD-12061,2025-10-25,Male,59,Washington,Home & Kitchen,26.26,3,78.78,Standard,4,5
ORD-12122,2025-10-25,Male,22,New York,Beauty,49.9,1,49.9,Standard,7,4
ORD-10178,2025-10-26,Female,28,New York,Books,27.46,1,27.46,Express,1,4
ORD-10954,2025-10-26,Female,54,Texas,Home & Kitchen,70.07,2,140.14,Standard,5,5
ORD-11459,2025-10-26,Female,36,California,Home & Kitchen,133.9,4,535.6,Standard,3,5
ORD-11686,2025-10-26,Male,40,Texas,Home & Kitchen,204.5,4,818.0,Standard,5,4
ORD-11826,2025-10-26,Female,60,Florida,Electronics,578.47,2,1156.94,Express,1,5
ORD-12275,2025-10-26,Female,24,Texas,Clothing,40.52,2,81.04,Standard,5,3
ORD-12713,2025-10-26,Female,36,Georgia,Home & Kitchen,78.2,4,312.8,Express,2,4
ORD-12722,2025-10-26,Female,18,Ohio,Sports,77.09,1,77.09,Standard,8,5
ORD-10611,2025-10-27,Female,22,New York,Clothing,65.27,3,195.81,Standard,7,4
ORD-10824,2025-10-27,Female,35,California,Sports,41.1,1,41.1,Express,2,5
ORD-10862,2025-10-27,Female,30,California,Home & Kitchen,28.56,3,85.68,Express,2,4
ORD-11500,2025-10-27,Male,23,Texas,Clothing,84.17,2,168.34,Standard,8,4
ORD-11537,2025-10-27,Female,20,Texas,Home & Kitchen,116.17,2,232.34,Standard,5,5
ORD-12070,2025-10-27,Female,36,California,Electronics,492.7,3,1478.1,Standard,3,5
ORD-12243,2025-10-27,Female,24,Washington,Sports,55.39,4,221.56,Same Day,0,4
ORD-12501,2025-10-27,Female,40,Illinois,Clothing,86.48,3,259.44,Standard,3,5
ORD-10101,2025-10-28,Male,63,Texas,Home & Kitchen,176.61,3,529.83,Express,3,5
ORD-11296,2025-10-28,Male,25,Ohio,Electronics,258.93,1,258.93,Standard,6,4
ORD-11393,2025-10-28,Female,66,Washington,Sports,105.72,4,422.88,Same Day,0,3
ORD-11871,2025-10-28,Female,43,Ohio,Clothing,15.23,4,60.92,Standard,4,5
ORD-12022,2025-10-28,Male,54,Florida,Beauty,20.12,3,60.36,Express,3,4
ORD-12088,2025-10-28,Female,67,California,Home & Kitchen,213.31,2,426.62,Standard,8,4
ORD-12188,2025-10-28,Male,24,Ohio,Home & Kitchen,204.88,2,409.76,Standard,7,5
ORD-12634,2025-10-28,Female,42,Texas,Home & Kitchen,48.56,4,194.24,Standard,7,2
ORD-12700,2025-10-28,Male,62,Texas,Books,18.34,3,55.02,Express,1,3
ORD-12954,2025-10-28,Female,58,Texas,Sports,102.66,4,410.64,Same Day,0,3
ORD-12979,2025-10-28,Male,36,Illinois,Clothing,36.36,3,109.08,Express,2,4
ORD-10458,2025-11-01,Male,42,Georgia,Clothing,72.76,2,145.52,Standard,5,4
ORD-10461,2025-11-01,Female,63,Washington,Clothing,74.63,4,298.52,Standard,4,5
ORD-10511,2025-11-01,Male,30,Ohio,Home & Kitchen,94.98,2,189.96,Same Day,0,5
ORD-10903,2025-11-01,Female,47,Illinois,Beauty,22.13,4,88.52,Express,1,3
ORD-11410,2025-11-01,Male,25,New York,Books,12.89,1,12.89,Express,2,4
ORD-11928,2025-11-01,Male,20,Georgia,Clothing,15.86,4,63.44,Standard,5,4
ORD-12098,2025-11-01,Female,49,New York,Home & Kitchen,209.15,4,836.6,Standard,3,3
ORD-12346,2025-11-01,Female,21,Washington,Beauty,21.44,4,85.76,Standard,6,4
ORD-12583,2025-11-01,Female,65,New York,Books,16.92,4,67.68,Standard,6,3
ORD-12784,2025-11-01,Female,56,California,Sports,185.26,4,741.04,Standard,8,5
ORD-12864,2025-11-01,Female,19,Ohio,Clothing,32.47,1,32.47,Standard,3,4
ORD-10336,2025-11-02,Female,50,Georgia,Sports,133.86,1,133.86,Standard,7,4
ORD-10452,2025-11-02,Female,54,Florida,Sports,183.5,1,183.5,Express,3,3
ORD-10804,2025-11-02,Male,34,Florida,Electronics,176.63,1,176.63,Same Day,0,3
ORD-10837,2025-11-02,Female,63,Ohio,Home & Kitchen,151.71,4,606.84,Standard,3,2
ORD-11210,2025-11-02,Male,30,New York,Sports,25.78,1,25.78,Standard,5,5
ORD-11753,2025-11-02,Female,45,Illinois,Books,31.49,2,62.98,Standard,3,3
ORD-11823,2025-11-02,Male,26,Texas,Sports,129.98,3,389.94,Standard,7,4
ORD-11874,2025-11-02,Female,53,Ohio,Beauty,22.61,3,67.83,Standard,6,4
ORD-11984,2025-11-02,Female,55,California,Clothing,88.19,4,352.76,Express,2,4
ORD-12077,2025-11-02,Female,53,Texas,Electronics,218.27,3,654.81,Same Day,0,5
ORD-12215,2025-11-02,Female,25,Washington,Home & Kitchen,116.79,4,467.16,Express,2,5
ORD-12454,2025-11-02,Female,46,Texas,Clothing,75.23,3,225.69,Standard,8,5
ORD-12499,2025-11-02,Female,36,California,Electronics,401.46,4,1605.84,Standard,5,2
ORD-12512,2025-11-02,Male,49,Illinois,Electronics,391.29,1,391.29,Standard,8,4
ORD-12562,2025-11-02,Female,38,California,Clothing,33.52,1,33.52,Standard,3,2
ORD-12941,2025-11-02,Male,22,Illinois,Books,6.1,4,24.4,Express,3,5
ORD-10162,2025-11-03,Female,39,Florida,Clothing,38.91,2,77.82,Express,2,4
ORD-10176,2025-11-03,Male,37,Illinois,Electronics,501.38,4,2005.52,Standard,7,4
ORD-10502,2025-11-03,Female,60,California,Home & Kitchen,102.83,1,102.83,Standard,3,4
ORD-10626,2025-11-03,Female,35,New York,Clothing,38.12,1,38.12,Standard,4,5
ORD-10686,2025-11-03,Male,43,California,Clothing,77.46,4,309.84,Standard,6,3
ORD-10710,2025-11-03,Female,36,Georgia,Sports,87.64,3,262.92,Standard,7,3
ORD-10977,2025-11-03,Male,34,Ohio,Books,33.17,1,33.17,Same Day,0,3
ORD-11297,2025-11-03,Female,25,Georgia,Electronics,326.68,4,1306.72,Express,3,1
ORD-11769,2025-11-03,Male,59,California,Beauty,44.39,3,133.17,Express,1,5
ORD-11907,2025-11-03,Female,32,New York,Home & Kitchen,72.27,1,72.27,Express,3,4
ORD-12050,2025-11-03,Male,30,Illinois,Electronics,375.76,1,375.76,Express,1,5
ORD-12884,2025-11-03,Male,42,Florida,Sports,200.93,1,200.93,Standard,4,3
ORD-10278,2025-11-04,Male,43,Texas,Books,14.76,2,29.52,Same Day,0,1
ORD-11374,2025-11-04,Male,57,New York,Sports,51.63,3,154.89,Same Day,0,5
ORD-11397,2025-11-04,Female,21,Georgia,Home & Kitchen,218.21,2,436.42,Express,1,4
ORD-11435,2025-11-04,Male,36,Texas,Clothing,44.86,1,44.86,Standard,6,5
ORD-11634,2025-11-04,Male,55,New York,Clothing,52.1,3,156.3,Express,1,3
ORD-12041,2025-11-04,Female,51,Illinois,Home & Kitchen,26.02,3,78.06,Standard,6,3
ORD-12067,2025-11-04,Female,69,California,Home & Kitchen,208.51,4,834.04,Express,3,2
ORD-12462,2025-11-04,Male,27,Florida,Books,33.76,1,33.76,Standard,8,4
ORD-12465,2025-11-04,Male,59,Florida,Clothing,82.57,1,82.57,Standard,8,5
ORD-12745,2025-11-04,Male,21,Florida,Clothing,73.5,3,220.5,Standard,3,4
ORD-10332,2025-11-05,Male,36,Ohio,Clothing,28.82,4,115.28,Express,1,2
ORD-10446,2025-11-05,Female,65,New York,Books,26.57,3,79.71,Standard,8,5
ORD-10467,2025-11-05,Male,18,California,Sports,280.97,3,842.91,Standard,5,3
ORD-10634,2025-11-05,Female,45,Ohio,Electronics,305.03,1,305.03,Same Day,0,3
ORD-10822,2025-11-05,Female,57,New York,Sports,99.3,1,99.3,Standard,5,5
ORD-10952,2025-11-05,Male,29,Texas,Sports,274.15,4,1096.6,Standard,4,2
ORD-11092,2025-11-05,Male,39,Georgia,Books,7.13,4,28.52,Standard,5,4
ORD-11171,2025-11-05,Male,37,Texas,Beauty,15.09,3,45.27,Standard,4,5
ORD-11689,2025-11-05,Female,51,Georgia,Electronics,506.29,1,506.29,Same Day,0,4
ORD-12572,2025-11-05,Male,26,Washington,Electronics,428.41,2,856.82,Standard,6,5
ORD-12605,2025-11-05,Female,56,New York,Home & Kitchen,125.04,4,500.16,Express,1,5
ORD-12712,2025-11-05,Male,44,Florida,Beauty,47.24,2,94.48,Standard,4,4
ORD-12824,2025-11-05,Female,53,California,Books,10.07,1,10.07,Standard,3,4
ORD-10200,2025-11-06,Female,41,California,Clothing,37.89,1,37.89,Express,2,3
ORD-10206,2025-11-06,Female,43,California,Clothing,57.46,4,229.84,Standard,3,1
ORD-10292,2025-11-06,Male,62,Texas,Beauty,28.76,4,115.04,Express,3,5
ORD-10323,2025-11-06,Female,65,Ohio,Sports,60.61,3,181.83,Standard,6,4
ORD-10367,2025-11-06,Female,51,Texas,Sports,235.53,4,942.12,Standard,4,4
ORD-10683,2025-11-06,Female,51,Washington,Electronics,145.5,3,436.5,Same Day,0,4
ORD-10742,2025-11-06,Female,29,Florida,Clothing,59.9,3,179.7,Express,2,5
ORD-11320,2025-11-06,Male,46,Texas,Clothing,40.79,1,40.79,Same Day,0,4
ORD-11768,2025-11-06,Male,23,California,Clothing,88.42,4,353.68,Standard,7,3
ORD-11901,2025-11-06,Male,55,New York,Home & Kitchen,186.84,4,747.36,Standard,6,4
ORD-11947,2025-11-06,Female,57,Illinois,Clothing,19.79,3,59.37,Express,1,3
ORD-12360,2025-11-06,Male,49,California,Clothing,78.87,4,315.48,Standard,6,4
ORD-12369,2025-11-06,Male,36,Florida,Home & Kitchen,116.65,2,233.3,Standard,5,1
ORD-12478,2025-11-06,Male,54,Illinois,Beauty,48.89,4,195.56,Express,3,5
ORD-12505,2025-11-06,Male,34,Washington,Sports,86.17,4,344.68,Express,3,5
ORD-12955,2025-11-06,Male,18,Illinois,Home & Kitchen,77.27,2,154.54,Same Day,0,3
ORD-10177,2025-11-07,Female,40,California,Clothing,78.16,2,156.32,Standard,7,5
ORD-10261,2025-11-07,Male,23,California,Sports,226.82,3,680.46,Express,3,4
ORD-10409,2025-11-07,Male,38,California,Electronics,497.18,1,497.18,Express,2,5
ORD-10713,2025-11-07,Male,54,Illinois,Beauty,29.13,4,116.52,Standard,6,3
ORD-10768,2025-11-07,Male,65,New York,Beauty,37.93,3,113.79,Same Day,0,4
ORD-11048,2025-11-07,Female,52,California,Electronics,177.61,2,355.22,Same Day,0,5
ORD-11138,2025-11-07,Male,30,New York,Clothing,32.19,1,32.19,Standard,3,4
ORD-11308,2025-11-07,Female,27,California,Home & Kitchen,53.11,3,159.33,Standard,8,4
ORD-11408,2025-11-07,Male,22,Texas,Electronics,224.58,4,898.32,Standard,3,5
ORD-11681,2025-11-07,Female,32,Texas,Books,39.53,3,118.59,Express,3,1
ORD-11846,2025-11-07,Female,32,Illinois,Beauty,22.31,3,66.93,Express,1,4
ORD-12054,2025-11-07,Female,29,California,Books,15.69,4,62.76,Express,3,5
ORD-12112,2025-11-07,Female,68,Texas,Electronics,587.13,1,587.13,Standard,6,5
ORD-12587,2025-11-07,Female,29,Georgia,Home & Kitchen,79.87,3,239.61,Standard,3,3
ORD-10229,2025-11-08,Female,59,Texas,Electronics,140.24,3,420.72,Express,3,4
ORD-10407,2025-11-08,Female,19,Texas,Clothing,43.66,3,130.98,Standard,8,3
ORD-10798,2025-11-08,Male,25,Florida,Beauty,35.29,4,141.16,Express,2,5
ORD-11125,2025-11-08,Female,34,Texas,Clothing,18.0,2,36.0,Standard,7,5
ORD-11239,2025-11-08,Male,58,New York,Electronics,373.61,3,1120.83,Express,3,4
ORD-11245,2025-11-08,Male,35,Illinois,Home & Kitchen,63.97,1,63.97,Express,2,3
ORD-11495,2025-11-08,Female,61,Ohio,Electronics,596.66,2,1193.32,Standard,6,5
ORD-11527,2025-11-08,Male,45,Georgia,Home & Kitchen,156.93,3,470.79,Express,3,5
ORD-11633,2025-11-08,Male,50,Florida,Beauty,35.4,4,141.6,Standard,5,5
ORD-11822,2025-11-08,Male,66,Texas,Electronics,321.18,3,963.54,Express,1,5
ORD-11847,2025-11-08,Female,39,Georgia,Electronics,591.01,4,2364.04,Standard,7,5
ORD-11919,2025-11-08,Female,34,Florida,Beauty,36.02,2,72.04,Express,2,5
ORD-12172,2025-11-08,Female,51,Florida,Home & Kitchen,135.29,3,405.87,Standard,6,5
ORD-12213,2025-11-08,Male,30,Georgia,Electronics,270.38,4,1081.52,Express,3,4
ORD-12840,2025-11-08,Female,53,New York,Sports,164.04,2,328.08,Express,2,5
ORD-12921,2025-11-08,Male,37,Georgia,Electronics,552.72,1,552.72,Standard,8,5
ORD-10002,2025-11-09,Male,26,Ohio,Home & Kitchen,231.64,3,694.92,Express,2,5
ORD-10043,2025-11-09,Female,18,Georgia,Books,16.08,2,32.16,Express,2,5
ORD-10393,2025-11-09,Female,62,New York,Sports,297.53,2,595.06,Standard,6,5
ORD-11047,2025-11-09,Female,50,Texas,Electronics,425.78,4,1703.12,Same Day,0,5
ORD-11403,2025-11-09,Male,34,Georgia,Beauty,22.77,3,68.31,Same Day,0,4
ORD-11506,2025-11-09,Female,43,California,Books,11.65,1,11.65,Express,2,4
ORD-11547,2025-11-09,Female,34,Texas,Home & Kitchen,239.55,4,958.2,Express,2,1
ORD-11864,2025-11-09,Male,38,New York,Clothing,22.88,3,68.64,Express,3,4
ORD-12151,2025-11-09,Female,41,Texas,Clothing,25.18,4,100.72,Same Day,0,4
ORD-12238,2025-11-09,Male,47,Florida,Home & Kitchen,193.01,2,386.02,Standard,7,4
ORD-12309,2025-11-09,Female,48,California,Sports,227.01,2,454.02,Standard,8,3
ORD-12431,2025-11-09,Male,60,California,Electronics,240.9,2,481.8,Same Day,0,5
ORD-12449,2025-11-09,Female,33,New York,Clothing,51.78,3,155.34,Standard,7,5
ORD-10110,2025-11-10,Male,19,California,Sports,149.63,4,598.52,Express,1,5
ORD-10302,2025-11-10,Female,52,Texas,Sports,293.27,3,879.81,Standard,6,4
ORD-10396,2025-11-10,Male,50,Florida,Sports,204.71,1,204.71,Standard,5,4
ORD-10675,2025-11-10,Female,26,Illinois,Electronics,454.77,3,1364.31,Standard,5,4
ORD-10916,2025-11-10,Female,48,Washington,Books,24.54,2,49.08,Same Day,0,5
ORD-11103,2025-11-10,Male,33,Illinois,Electronics,293.49,2,586.98,Standard,4,4
ORD-11307,2025-11-10,Female,55,New York,Sports,66.83,4,267.32,Express,3,5
ORD-11479,2025-11-10,Female,48,California,Clothing,43.4,2,86.8,Same Day,0,4
ORD-11586,2025-11-10,Female,19,Washington,Clothing,56.18,3,168.54,Standard,7,1
ORD-11851,2025-11-10,Female,31,Washington,Clothing,72.62,4,290.48,Standard,5,4
ORD-11867,2025-11-10,Male,29,California,Sports,220.76,4,883.04,Standard,5,3
ORD-12013,2025-11-10,Female,39,New York,Books,37.59,2,75.18,Express,2,1
ORD-12158,2025-11-10,Female,29,Georgia,Clothing,40.41,3,121.23,Express,2,4
ORD-12345,2025-11-10,Male,47,Washington,Electronics,262.75,1,262.75,Standard,5,5
ORD-12891,2025-11-10,Female,43,New York,Clothing,46.21,1,46.21,Express,2,2
ORD-12932,2025-11-10,Female,45,Texas,Home & Kitchen,193.08,3,579.24,Same Day,0,4
ORD-10038,2025-11-11,Female,35,California,Clothing,77.63,4,310.52,Same Day,0,5
ORD-10319,2025-11-11,Female,39,Illinois,Home & Kitchen,237.15,1,237.15,Standard,6,1
ORD-10389,2025-11-11,Female,60,Ohio,Books,7.95,3,23.85,Standard,3,5
ORD-10466,2025-11-11,Male,36,New York,Clothing,63.76,2,127.52,Standard,5,4
ORD-10600,2025-11-11,Male,67,Georgia,Beauty,51.27,3,153.81,Standard,8,3
ORD-10912,2025-11-11,Female,51,California,Electronics,315.87,4,1263.48,Express,1,4
ORD-11390,2025-11-11,Female,64,New York,Home & Kitchen,200.49,3,601.47,Standard,6,4
ORD-11622,2025-11-11,Female,60,California,Sports,146.16,2,292.32,Express,2,4
ORD-11938,2025-11-11,Female,46,Georgia,Electronics,220.81,1,220.81,Express,2,3
ORD-11997,2025-11-11,Male,38,Florida,Electronics,332.93,3,998.79,Standard,4,5
ORD-12039,2025-11-11,Female,53,Georgia,Home & Kitchen,229.46,3,688.38,Standard,8,5
ORD-12100,2025-11-11,Male,64,California,Home & Kitchen,201.86,2,403.72,Standard,7,5
ORD-12348,2025-11-11,Female,69,Texas,Electronics,175.49,2,350.98,Express,2,1
ORD-12413,2025-11-11,Male,40,New York,Clothing,39.76,3,119.28,Standard,5,1
ORD-12522,2025-11-11,Female,51,Texas,Home & Kitchen,188.56,4,754.24,Standard,5,5
ORD-12704,2025-11-11,Female,61,New York,Clothing,17.71,3,53.13,Standard,4,5
ORD-12905,2025-11-11,Female,37,Texas,Home & Kitchen,136.27,4,545.08,Express,1,2
ORD-10008,2025-11-12,Male,56,Illinois,Electronics,437.22,3,1311.66,Standard,7,3
ORD-10279,2025-11-12,Male,22,New York,Electronics,264.42,2,528.84,Express,2,4
ORD-10391,2025-11-12,Female,22,Washington,Clothing,77.75,4,311.0,Same Day,0,4
ORD-10504,2025-11-12,Female,56,California,Beauty,25.23,2,50.46,Standard,4,5
ORD-10578,2025-11-12,Male,50,Texas,Books,6.53,2,13.06,Standard,3,5
ORD-11009,2025-11-12,Female,68,California,Sports,203.2,1,203.2,Express,2,5
ORD-11059,2025-11-12,Male,21,Ohio,Sports,145.06,4,580.24,Same Day,0,3
ORD-11120,2025-11-12,Male,28,Washington,Sports,168.96,1,168.96,Express,3,2
ORD-11284,2025-11-12,Female,37,Florida,Clothing,85.87,4,343.48,Express,3,5
ORD-11371,2025-11-12,Male,57,Washington,Clothing,68.36,3,205.08,Express,2,5
ORD-11511,2025-11-12,Male,34,California,Beauty,34.89,1,34.89,Express,1,5
ORD-11564,2025-11-12,Male,48,California,Electronics,505.33,1,505.33,Standard,8,5
ORD-11976,2025-11-12,Female,32,New York,Electronics,259.63,2,519.26,Express,1,3
ORD-12020,2025-11-12,Male,24,Florida,Beauty,21.92,1,21.92,Standard,3,3
ORD-12189,2025-11-12,Female,31,Texas,Books,19.89,1,19.89,Standard,4,4
ORD-12399,2025-11-12,Male,22,Florida,Books,20.19,3,60.57,Standard,8,4
ORD-12472,2025-11-12,Female,51,California,Beauty,19.08,2,38.16,Express,1,5
ORD-12573,2025-11-12,Female,55,Ohio,Sports,63.93,4,255.72,Express,1,2
ORD-12716,2025-11-12,Female,54,Georgia,Books,18.51,2,37.02,Standard,7,4
ORD-10219,2025-11-13,Female,37,Texas,Electronics,456.92,4,1827.68,Express,3,4
ORD-10288,2025-11-13,Male,24,Florida,Clothing,51.15,1,51.15,Standard,3,5
ORD-10615,2025-11-13,Male,36,Florida,Clothing,39.31,4,157.24,Express,1,3
ORD-11114,2025-11-13,Male,58,California,Beauty,9.84,2,19.68,Standard,4,5
ORD-11405,2025-11-13,Female,28,Washington,Beauty,19.83,4,79.32,Standard,4,5
ORD-11620,2025-11-13,Male,62,Florida,Beauty,50.23,1,50.23,Standard,8,5
ORD-11824,2025-11-13,Female,58,Florida,Electronics,129.75,4,519.0,Standard,3,5
ORD-11844,2025-11-13,Male,33,Washington,Electronics,556.15,4,2224.6,Standard,6,5
ORD-12129,2025-11-13,Male,37,Georgia,Electronics,268.66,4,1074.64,Standard,8,5
ORD-12153,2025-11-13,Male,22,California,Home & Kitchen,217.5,2,435.0,Express,1,5
ORD-12387,2025-11-13,Female,68,California,Electronics,565.31,1,565.31,Express,3,5
ORD-12606,2025-11-13,Female,54,California,Clothing,65.73,1,65.73,Same Day,0,4
ORD-10075,2025-11-14,Female,39,New York,Clothing,79.94,2,159.88,Express,1,5
ORD-10122,2025-11-14,Male,56,California,Electronics,252.5,1,252.5,Express,2,1
ORD-10416,2025-11-14,Male,65,Washington,Electronics,293.31,4,1173.24,Express,1,5
ORD-10641,2025-11-14,Male,69,Ohio,Home & Kitchen,225.15,1,225.15,Express,1,5
ORD-10666,2025-11-14,Male,68,Illinois,Books,20.85,4,83.4,Same Day,0,4
ORD-11572,2025-11-14,Female,58,Georgia,Beauty,23.43,2,46.86,Standard,8,4
ORD-11621,2025-11-14,Male,49,New York,Electronics,436.6,3,1309.8,Express,2,5
ORD-11637,2025-11-14,Male,59,Florida,Home & Kitchen,161.79,4,647.16,Standard,3,4
ORD-12196,2025-11-14,Male,39,California,Beauty,13.87,1,13.87,Same Day,0,4
ORD-12328,2025-11-14,Female,63,Texas,Beauty,37.43,3,112.29,Same Day,0,4
ORD-12667,2025-11-14,Female,61,Washington,Books,35.41,4,141.64,Express,2,4
ORD-11448,2025-11-15,Female,19,Washington,Clothing,59.93,2,119.86,Express,1,4
ORD-11550,2025-11-15,Male,28,Ohio,Sports,179.53,2,359.06,Standard,4,3
ORD-11732,2025-11-15,Female,22,New York,Home & Kitchen,131.92,1,131.92,Express,3,4
ORD-11834,2025-11-15,Female,63,Florida,Electronics,120.35,1,120.35,Standard,8,2
ORD-12726,2025-11-15,Male,19,Georgia,Books,30.19,2,60.38,Express,1,1
ORD-12852,2025-11-15,Female,35,Florida,Clothing,18.1,1,18.1,Same Day,0,5
ORD-10269,2025-11-16,Male,39,Illinois,Books,12.5,4,50.0,Standard,8,5
ORD-10514,2025-11-16,Male,30,Texas,Electronics,194.39,2,388.78,Express,2,2
ORD-10544,2025-11-16,Female,50,Georgia,Home & Kitchen,170.41,3,511.23,Same Day,0,3
ORD-10631,2025-11-16,Male,62,New York,Electronics,258.39,4,1033.56,Express,1,4
ORD-11422,2025-11-16,Female,27,Ohio,Beauty,58.47,3,175.41,Same Day,0,5
ORD-11839,2025-11-16,Male,21,New York,Clothing,41.19,1,41.19,Standard,3,4
ORD-11994,2025-11-16,Female,38,Ohio,Books,38.33,1,38.33,Standard,3,5
ORD-12097,2025-11-16,Male,21,New York,Books,6.95,4,27.8,Express,1,3
ORD-12118,2025-11-16,Female,43,Florida,Home & Kitchen,143.93,4,575.72,Standard,7,5
ORD-12284,2025-11-16,Female,47,Ohio,Beauty,41.56,1,41.56,Standard,5,5
ORD-12286,2025-11-16,Male,69,California,Books,35.67,4,142.68,Standard,8,4
ORD-12546,2025-11-16,Male,69,Washington,Electronics,353.0,1,353.0,Express,2,3
ORD-12907,2025-11-16,Male,28,New York,Clothing,65.93,4,263.72,Standard,7,5
ORD-10115,2025-11-17,Male,41,Texas,Home & Kitchen,237.91,4,951.64,Standard,7,1
ORD-10119,2025-11-17,Female,28,California,Beauty,39.47,3,118.41,Standard,7,5
ORD-10538,2025-11-17,Male,23,Illinois,Clothing,79.52,2,159.04,Standard,5,5
ORD-10947,2025-11-17,Female,63,Washington,Home & Kitchen,205.44,1,205.44,Standard,5,5
ORD-10996,2025-11-17,Female,48,Ohio,Home & Kitchen,78.69,4,314.76,Standard,4,4
ORD-11108,2025-11-17,Male,42,Illinois,Books,18.47,1,18.47,Standard,5,4
ORD-11662,2025-11-17,Female,28,Florida,Sports,207.71,2,415.42,Express,2,4
ORD-11798,2025-11-17,Female,18,Illinois,Electronics,149.39,4,597.56,Express,2,3
ORD-11915,2025-11-17,Male,65,Florida,Beauty,27.22,4,108.88,Standard,5,4
ORD-11956,2025-11-17,Female,28,Texas,Clothing,74.99,3,224.97,Standard,6,5
ORD-12030,2025-11-17,Female,31,New York,Home & Kitchen,227.49,3,682.47,Standard,8,5
ORD-12113,2025-11-17,Female,60,Illinois,Sports,218.8,4,875.2,Standard,8,5
ORD-12264,2025-11-17,Female,50,California,Sports,114.37,3,343.11,Express,2,4
ORD-12678,2025-11-17,Male,30,Illinois,Electronics,286.01,1,286.01,Standard,4,4
ORD-10151,2025-11-18,Male,55,California,Electronics,225.25,1,225.25,Express,2,4
ORD-10297,2025-11-18,Male,61,New York,Clothing,49.19,4,196.76,Standard,6,4
ORD-10388,2025-11-18,Male,19,California,Clothing,75.6,2,151.2,Same Day,0,4
ORD-10449,2025-11-18,Male,59,New York,Electronics,367.91,2,735.82,Standard,8,3
ORD-10513,2025-11-18,Male,67,Ohio,Beauty,11.99,4,47.96,Standard,8,5
ORD-12178,2025-11-18,Male,18,Washington,Beauty,13.77,3,41.31,Standard,3,5
ORD-12364,2025-11-18,Female,55,Texas,Clothing,45.42,4,181.68,Express,2,4
ORD-10056,2025-11-19,Female,22,New York,Beauty,19.66,3,58.98,Standard,7,4
ORD-10303,2025-11-19,Male,56,Ohio,Sports,195.89,4,783.56,Standard,8,5
ORD-10387,2025-11-19,Male,31,Georgia,Electronics,188.95,1,188.95,Standard,3,4
ORD-10744,2025-11-19,Male,25,Texas,Beauty,49.29,3,147.87,Express,2,3
ORD-10746,2025-11-19,Female,35,Georgia,Electronics,447.62,4,1790.48,Standard,7,5
ORD-10825,2025-11-19,Male,44,California,Clothing,77.57,1,77.57,Express,1,5
ORD-11771,2025-11-19,Male,44,Washington,Beauty,39.44,4,157.76,Express,1,3
ORD-11841,2025-11-19,Male,32,California,Home & Kitchen,62.44,2,124.88,Standard,3,4
ORD-12260,2025-11-19,Female,46,Florida,Home & Kitchen,83.83,2,167.66,Same Day,0,3
ORD-12318,2025-11-19,Male,45,Washington,Clothing,37.29,3,111.87,Express,1,5
ORD-12802,2025-11-19,Female,35,California,Beauty,27.88,2,55.76,Standard,6,1
ORD-12952,2025-11-19,Female,57,California,Clothing,36.76,1,36.76,Express,2,4
ORD-10017,2025-11-20,Male,55,Washington,Beauty,34.1,3,102.3,Express,2,4
ORD-10298,2025-11-20,Female,47,Texas,Clothing,70.13,2,140.26,Express,1,5
ORD-10721,2025-11-20,Female,56,Florida,Books,6.27,4,25.08,Standard,6,2
ORD-10726,2025-11-20,Male,49,Texas,Electronics,582.19,3,1746.57,Express,1,2
ORD-11473,2025-11-20,Male,19,Washington,Home & Kitchen,104.72,4,418.88,Standard,4,4
ORD-11488,2025-11-20,Male,38,New York,Clothing,54.53,4,218.12,Same Day,0,4
ORD-11573,2025-11-20,Female,64,Texas,Clothing,26.89,2,53.78,Standard,8,2
ORD-11616,2025-11-20,Female,48,Ohio,Sports,256.05,4,1024.2,Standard,5,3
ORD-11650,2025-11-20,Female,68,Illinois,Electronics,570.39,4,2281.56,Express,3,4
ORD-11722,2025-11-20,Male,32,Texas,Electronics,484.19,2,968.38,Express,3,5
ORD-11870,2025-11-20,Male,68,Washington,Books,24.51,1,24.51,Standard,5,5
ORD-12114,2025-11-20,Male,58,Ohio,Clothing,22.15,2,44.3,Standard,4,5
ORD-12163,2025-11-20,Female,42,Florida,Sports,90.87,2,181.74,Express,3,4
ORD-12273,2025-11-20,Male,67,Florida,Electronics,463.99,2,927.98,Standard,6,4
ORD-12274,2025-11-20,Female,49,Washington,Beauty,50.34,2,100.68,Standard,5,5
ORD-12397,2025-11-20,Male,39,Ohio,Home & Kitchen,233.89,2,467.78,Express,2,5
ORD-12458,2025-11-20,Male,58,Texas,Books,14.22,3,42.66,Express,3,5
ORD-12585,2025-11-20,Female,20,Illinois,Clothing,46.29,1,46.29,Standard,5,3
ORD-10208,2025-11-21,Female,58,New York,Clothing,54.77,4,219.08,Standard,5,5
ORD-10217,2025-11-21,Female,35,Georgia,Home & Kitchen,153.05,2,306.1,Standard,3,3
ORD-10315,2025-11-21,Male,43,Illinois,Electronics,333.78,1,333.78,Standard,7,5
ORD-10585,2025-11-21,Female,50,Washington,Home & Kitchen,118.12,2,236.24,Express,1,1
ORD-10643,2025-11-21,Male,47,Ohio,Clothing,73.93,1,73.93,Standard,8,3
ORD-11370,2025-11-21,Male,28,Texas,Electronics,418.89,1,418.89,Express,2,4
ORD-11412,2025-11-21,Male,42,Washington,Home & Kitchen,30.04,1,30.04,Express,2,5
ORD-11921,2025-11-21,Female,62,Washington,Electronics,379.68,4,1518.72,Express,2,5
ORD-11930,2025-11-21,Female,50,Georgia,Sports,299.66,3,898.98,Standard,3,5
ORD-11982,2025-11-21,Female,25,California,Clothing,61.73,1,61.73,Express,1,5
ORD-12064,2025-11-21,Male,44,California,Beauty,21.52,4,86.08,Standard,5,5
ORD-12205,2025-11-21,Male,30,Florida,Clothing,64.18,4,256.72,Standard,4,4
ORD-12290,2025-11-21,Female,65,California,Home & Kitchen,163.51,4,654.04,Same Day,0,4
ORD-10095,2025-11-22,Female,66,Illinois,Books,34.97,2,69.94,Express,2,4
ORD-10181,2025-11-22,Female,49,Georgia,Clothing,44.18,4,176.72,Standard,5,5
ORD-10701,2025-11-22,Female,65,Illinois,Beauty,22.69,1,22.69,Same Day,0,5
ORD-11402,2025-11-22,Male,19,New York,Electronics,400.0,3,1200.0,Standard,4,2
ORD-11902,2025-11-22,Male,62,Texas,Sports,32.03,3,96.09,Express,1,3
ORD-12160,2025-11-22,Male,24,Washington,Books,29.18,3,87.54,Express,1,5
ORD-12707,2025-11-22,Female,53,Washington,Electronics,560.98,4,2243.92,Standard,3,5
ORD-10421,2025-11-23,Male,50,Ohio,Electronics,372.53,1,372.53,Standard,6,3
ORD-10543,2025-11-23,Female,47,Illinois,Electronics,531.72,2,1063.44,Standard,3,2
ORD-10570,2025-11-23,Female,19,California,Electronics,579.29,1,579.29,Same Day,0,5
ORD-10601,2025-11-23,Male,59,New York,Sports,284.14,1,284.14,Express,2,5
ORD-10911,2025-11-23,Male,21,Texas,Sports,202.44,3,607.32,Standard,5,4
ORD-11185,2025-11-23,Male,30,California,Clothing,16.52,2,33.04,Standard,5,5
ORD-11557,2025-11-23,Female,65,California,Books,19.0,4,76.0,Standard,4,4
ORD-11600,2025-11-23,Female,55,New York,Books,19.29,1,19.29,Standard,8,4
ORD-11795,2025-11-23,Male,20,California,Home & Kitchen,229.97,1,229.97,Express,1,3
ORD-11820,2025-11-23,Female,33,California,Books,21.77,3,65.31,Express,1,5
ORD-11888,2025-11-23,Female,63,Florida,Electronics,154.14,4,616.56,Same Day,0,4
ORD-11941,2025-11-23,Female,22,Florida,Books,29.61,4,118.44,Standard,5,4
ORD-12244,2025-11-23,Male,54,Texas,Sports,285.55,3,856.65,Standard,7,4
ORD-12414,2025-11-23,Female,21,Ohio,Clothing,68.66,2,137.32,Express,1,4
ORD-12440,2025-11-23,Female,27,California,Sports,80.09,2,160.18,Express,1,5
ORD-12442,2025-11-23,Female,39,Texas,Clothing,73.59,1,73.59,Standard,7,5
ORD-12799,2025-11-23,Male,63,Texas,Sports,105.01,4,420.04,Standard,5,5
ORD-10214,2025-11-24,Female,69,Georgia,Clothing,52.29,4,209.16,Standard,6,5
ORD-10464,2025-11-24,Male,34,Texas,Home & Kitchen,35.52,4,142.08,Express,3,4
ORD-10618,2025-11-24,Female,19,Georgia,Clothing,34.77,1,34.77,Standard,6,4
ORD-11260,2025-11-24,Female,69,Texas,Clothing,16.39,3,49.17,Standard,5,4
ORD-11285,2025-11-24,Female,33,Illinois,Electronics,410.99,4,1643.96,Express,1,2
ORD-11706,2025-11-24,Female,39,Washington,Home & Kitchen,113.77,1,113.77,Standard,8,1
ORD-12653,2025-11-24,Male,49,Florida,Clothing,80.72,2,161.44,Standard,7,3
ORD-12738,2025-11-24,Male,31,Florida,Beauty,44.99,3,134.97,Express,1,2
ORD-12769,2025-11-24,Male,57,Washington,Books,35.03,1,35.03,Express,3,4
ORD-10045,2025-11-25,Female,48,Texas,Books,29.64,4,118.56,Standard,6,5
ORD-10248,2025-11-25,Female,55,Washington,Home & Kitchen,172.23,4,688.92,Standard,5,5
ORD-10309,2025-11-25,Female,31,California,Books,33.4,1,33.4,Standard,8,5
ORD-10533,2025-11-25,Female,26,New York,Beauty,43.22,4,172.88,Standard,5,5
ORD-10830,2025-11-25,Female,60,Ohio,Clothing,28.36,1,28.36,Standard,5,5
ORD-10984,2025-11-25,Male,68,New York,Home & Kitchen,194.21,4,776.84,Express,1,4
ORD-11066,2025-11-25,Male,56,California,Electronics,493.76,4,1975.04,Standard,5,5
ORD-11141,2025-11-25,Female,66,Texas,Clothing,29.38,3,88.14,Same Day,0,5
ORD-11160,2025-11-25,Female,53,New York,Beauty,23.85,1,23.85,Standard,5,5
ORD-11328,2025-11-25,Female,64,Florida,Clothing,86.62,3,259.86,Standard,5,5
ORD-11522,2025-11-25,Female,50,Texas,Clothing,16.13,1,16.13,Express,1,5
ORD-11883,2025-11-25,Male,50,Washington,Home & Kitchen,27.03,3,81.09,Express,3,5
ORD-12167,2025-11-25,Female,35,Washington,Beauty,40.52,4,162.08,Same Day,0,4
ORD-12302,2025-11-25,Male,21,Illinois,Books,24.23,1,24.23,Standard,4,1
ORD-12381,2025-11-25,Male,28,California,Electronics,145.98,3,437.94,Standard,7,5
ORD-12451,2025-11-25,Female,53,New York,Home & Kitchen,90.38,2,180.76,Standard,8,4
ORD-12526,2025-11-25,Female,64,Texas,Home & Kitchen,32.36,2,64.72,Standard,5,5
ORD-12631,2025-11-25,Male,67,Texas,Sports,53.36,4,213.44,Standard,3,4
ORD-12935,2025-11-25,Female,54,Florida,Beauty,11.47,2,22.94,Express,2,1
ORD-10007,2025-11-26,Male,26,Washington,Clothing,15.92,4,63.68,Same Day,0,5
ORD-10140,2025-11-26,Male,43,California,Clothing,71.02,1,71.02,Express,1,5
ORD-10257,2025-11-26,Female,36,California,Electronics,227.62,4,910.48,Express,1,5
ORD-10284,2025-11-26,Female,64,Illinois,Beauty,58.92,3,176.76,Standard,8,5
ORD-10565,2025-11-26,Female,59,Washington,Books,13.17,2,26.34,Standard,3,3
ORD-10737,2025-11-26,Male,47,Ohio,Home & Kitchen,70.82,2,141.64,Standard,3,4
ORD-10895,2025-11-26,Female,31,California,Clothing,23.68,2,47.36,Express,2,4
ORD-11432,2025-11-26,Male,60,New York,Books,20.84,2,41.68,Express,3,4
ORD-11487,2025-11-26,Male,18,New York,Sports,203.75,2,407.5,Standard,4,5
ORD-11924,2025-11-26,Female,30,California,Beauty,26.3,4,105.2,Standard,7,5
ORD-12089,2025-11-26,Male,42,Texas,Books,14.57,2,29.14,Standard,8,4
ORD-12278,2025-11-26,Female,47,Washington,Sports,115.12,3,345.36,Express,2,3
ORD-12731,2025-11-26,Female,25,California,Clothing,16.8,4,67.2,Standard,8,5
ORD-10501,2025-11-27,Female,54,Florida,Books,29.13,3,87.39,Same Day,0,4
ORD-10703,2025-11-27,Female,38,Texas,Home & Kitchen,51.67,1,51.67,Standard,8,3
ORD-10815,2025-11-27,Female,57,Florida,Home & Kitchen,140.02,2,280.04,Standard,6,3
ORD-11165,2025-11-27,Male,60,Florida,Home & Kitchen,155.79,1,155.79,Express,2,5
ORD-11365,2025-11-27,Female,26,Texas,Clothing,88.87,4,355.48,Standard,5,5
ORD-11567,2025-11-27,Female,45,Ohio,Beauty,36.72,1,36.72,Standard,4,4
ORD-11680,2025-11-27,Female,64,Illinois,Books,16.76,2,33.52,Express,1,3
ORD-11699,2025-11-27,Female,48,Ohio,Sports,185.57,3,556.71,Standard,6,3
ORD-11712,2025-11-27,Male,50,Florida,Beauty,41.99,2,83.98,Same Day,0,4
ORD-11916,2025-11-27,Male,22,Illinois,Electronics,446.66,1,446.66,Standard,8,5
ORD-11952,2025-11-27,Female,37,California,Electronics,315.98,4,1263.92,Standard,8,4
ORD-11953,2025-11-27,Female,44,New York,Clothing,88.84,3,266.52,Express,2,5
ORD-12011,2025-11-27,Female,43,New York,Sports,274.59,4,1098.36,Standard,3,5
ORD-12048,2025-11-27,Female,19,Florida,Home & Kitchen,117.54,3,352.62,Standard,3,3
ORD-12334,2025-11-27,Male,55,California,Beauty,55.63,1,55.63,Standard,3,5
ORD-12448,2025-11-27,Female,51,California,Beauty,16.14,3,48.42,Express,2,3
ORD-12780,2025-11-27,Male,51,California,Sports,201.37,1,201.37,Standard,7,5
ORD-12917,2025-11-27,Male,58,New York,Beauty,22.31,1,22.31,Express,2,4
ORD-12968,2025-11-27,Female,36,Ohio,Books,22.11,2,44.22,Express,3,5
ORD-10116,2025-11-28,Female,43,Texas,Electronics,427.39,2,854.78,Standard,5,4
ORD-10228,2025-11-28,Male,51,Washington,Clothing,86.21,3,258.63,Express,1,5
ORD-10612,2025-11-28,Female,44,Illinois,Clothing,29.55,2,59.1,Express,1,4
ORD-10765,2025-11-28,Female,54,Texas,Clothing,50.27,3,150.81,Express,2,4
ORD-10773,2025-11-28,Female,19,California,Home & Kitchen,185.02,4,740.08,Standard,4,3
ORD-10802,2025-11-28,Male,28,Florida,Books,30.35,1,30.35,Standard,6,4
ORD-11167,2025-11-28,Male,58,California,Home & Kitchen,75.93,1,75.93,Express,1,5
ORD-11217,2025-11-28,Female,34,California,Electronics,492.33,4,1969.32,Same Day,0,4
ORD-11266,2025-11-28,Female,22,New York,Clothing,71.14,2,142.28,Standard,7,5
ORD-11379,2025-11-28,Female,52,Washington,Electronics,326.81,4,1307.24,Express,1,4
ORD-12146,2025-11-28,Male,26,Illinois,Clothing,83.16,2,166.32,Express,2,4
ORD-12793,2025-11-28,Female,61,Ohio,Home & Kitchen,52.91,1,52.91,Standard,7,5
ORD-12896,2025-11-28,Female,67,Georgia,Electronics,490.99,1,490.99,Standard,8,4
ORD-10084,2025-12-01,Female,56,Washington,Sports,227.32,3,681.96,Standard,3,4
ORD-10111,2025-12-01,Male,34,Texas,Electronics,304.72,4,1218.88,Express,1,4
ORD-10334,2025-12-01,Female,52,New York,Electronics,340.19,1,340.19,Standard,8,2
ORD-10581,2025-12-01,Male,31,Illinois,Electronics,378.02,1,378.02,Express,3,5
ORD-10854,2025-12-01,Male,27,New York,Books,9.84,2,19.68,Standard,5,2
ORD-10942,2025-12-01,Female,43,Georgia,Sports,54.92,3,164.76,Standard,6,5
ORD-10995,2025-12-01,Female,18,Illinois,Home & Kitchen,233.22,3,699.66,Express,2,5
ORD-11010,2025-12-01,Female,45,New York,Electronics,558.44,2,1116.88,Express,3,4
ORD-11162,2025-12-01,Female,29,Florida,Home & Kitchen,67.25,4,269.0,Standard,4,4
ORD-12193,2025-12-01,Male,67,Washington,Sports,169.93,1,169.93,Standard,8,4
ORD-12219,2025-12-01,Female,45,California,Books,24.9,2,49.8,Express,1,2
ORD-12439,2025-12-01,Female,69,California,Home & Kitchen,104.41,2,208.82,Standard,4,5
ORD-12684,2025-12-01,Female,47,Washington,Beauty,35.18,2,70.36,Express,2,5
ORD-12719,2025-12-01,Male,48,Illinois,Books,16.55,1,16.55,Standard,6,4
ORD-12849,2025-12-01,Female,40,Florida,Clothing,81.37,3,244.11,Express,3,5
ORD-10091,2025-12-02,Male,57,Georgia,Clothing,56.16,4,224.64,Standard,5,3
ORD-10443,2025-12-02,Female,56,Washington,Clothing,70.19,4,280.76,Standard,3,3
ORD-10540,2025-12-02,Female,58,New York,Beauty,26.87,4,107.48,Same Day,0,5
ORD-10770,2025-12-02,Male,33,California,Electronics,527.35,1,527.35,Express,1,5
ORD-10858,2025-12-02,Male,66,Texas,Sports,92.9,2,185.8,Standard,4,2
ORD-11228,2025-12-02,Male,59,Georgia,Books,20.21,3,60.63,Standard,7,5
ORD-11750,2025-12-02,Female,18,Washington,Electronics,466.17,4,1864.68,Standard,4,4
ORD-11898,2025-12-02,Female,59,California,Clothing,24.04,3,72.12,Express,3,5
ORD-12181,2025-12-02,Female,60,Ohio,Books,28.68,2,57.36,Express,3,2
ORD-12255,2025-12-02,Male,23,New York,Beauty,31.57,3,94.71,Standard,4,5
ORD-12384,2025-12-02,Female,55,Florida,Clothing,22.25,2,44.5,Same Day,0,4
ORD-12389,2025-12-02,Female,39,Georgia,Clothing,73.12,1,73.12,Standard,5,2
ORD-12408,2025-12-02,Male,49,Ohio,Books,34.19,2,68.38,Express,3,4
ORD-12821,2025-12-02,Male,69,Georgia,Electronics,451.64,3,1354.92,Express,2,5
ORD-12949,2025-12-02,Male,33,Florida,Clothing,41.44,4,165.76,Standard,3,3
ORD-10289,2025-12-03,Female,23,Georgia,Clothing,76.68,3,230.04,Standard,6,2
ORD-10639,2025-12-03,Female,31,California,Sports,285.81,4,1143.24,Express,2,4
ORD-10655,2025-12-03,Female,39,Florida,Beauty,19.72,3,59.16,Express,2,5
ORD-11703,2025-12-03,Female,61,Illinois,Electronics,212.84,1,212.84,Standard,8,5
ORD-11789,2025-12-03,Female,44,California,Home & Kitchen,104.74,1,104.74,Express,2,4
ORD-11957,2025-12-03,Male,27,Washington,Beauty,12.84,2,25.68,Standard,5,4
ORD-12086,2025-12-03,Female,32,Ohio,Sports,45.8,1,45.8,Standard,4,5
ORD-12156,2025-12-03,Male,60,California,Sports,251.57,1,251.57,Standard,4,4
ORD-12212,2025-12-03,Male,57,New York,Beauty,35.48,1,35.48,Express,2,4
ORD-12298,2025-12-03,Female,55,California,Books,38.32,1,38.32,Standard,4,3
ORD-12418,2025-12-03,Male,19,Washington,Electronics,501.98,4,2007.92,Standard,7,5
ORD-12677,2025-12-03,Female,51,Texas,Home & Kitchen,242.02,2,484.04,Standard,5,4
ORD-10076,2025-12-04,Female,31,Ohio,Beauty,45.9,4,183.6,Express,2,5
ORD-10155,2025-12-04,Female,57,Texas,Clothing,43.15,3,129.45,Same Day,0,5
ORD-10216,2025-12-04,Male,49,California,Home & Kitchen,175.91,3,527.73,Standard,6,5
ORD-10379,2025-12-04,Female,30,Illinois,Electronics,183.19,4,732.76,Standard,4,5
ORD-10678,2025-12-04,Female,54,Washington,Sports,203.49,1,203.49,Express,2,4
ORD-10732,2025-12-04,Female,21,California,Electronics,147.84,1,147.84,Same Day,0,5
ORD-10971,2025-12-04,Male,45,Washington,Clothing,21.63,1,21.63,Standard,4,4
ORD-11000,2025-12-04,Male,58,Ohio,Home & Kitchen,104.44,3,313.32,Standard,7,5
ORD-11031,2025-12-04,Female,63,Texas,Electronics,580.69,2,1161.38,Express,2,2
ORD-11038,2025-12-04,Female,46,Georgia,Clothing,55.59,1,55.59,Same Day,0,4
ORD-11173,2025-12-04,Female,36,Washington,Clothing,40.57,2,81.14,Same Day,0,4
ORD-11430,2025-12-04,Male,55,California,Electronics,430.41,3,1291.23,Same Day,0,4
ORD-11942,2025-12-04,Male,21,California,Books,12.19,1,12.19,Standard,4,5
ORD-12085,2025-12-04,Female,21,Georgia,Books,13.01,1,13.01,Express,2,4
ORD-12186,2025-12-04,Male,43,Ohio,Electronics,130.23,4,520.92,Same Day,0,5
ORD-12235,2025-12-04,Male,59,California,Clothing,43.74,1,43.74,Standard,8,4
ORD-12332,2025-12-04,Male,62,Georgia,Clothing,28.3,3,84.9,Express,2,5
ORD-12350,2025-12-04,Female,43,Illinois,Electronics,205.06,1,205.06,Standard,8,4
ORD-12378,2025-12-04,Female,51,Georgia,Clothing,71.11,1,71.11,Standard,5,5
ORD-12419,2025-12-04,Female,49,Florida,Clothing,75.53,3,226.59,Express,2,4
ORD-12659,2025-12-04,Female,34,California,Beauty,16.85,4,67.4,Express,3,4
ORD-12663,2025-12-04,Female,50,Texas,Electronics,199.8,4,799.2,Standard,7,5
ORD-12721,2025-12-04,Female,53,Georgia,Clothing,37.37,4,149.48,Standard,8,3
ORD-12781,2025-12-04,Female,64,Georgia,Electronics,532.99,3,1598.97,Express,1,5
ORD-12800,2025-12-04,Female,42,Washington,Books,17.8,2,35.6,Express,3,4
ORD-12819,2025-12-04,Female,20,California,Clothing,24.78,3,74.34,Standard,8,3
ORD-10041,2025-12-05,Male,49,Florida,Clothing,74.14,1,74.14,Express,1,3
ORD-10489,2025-12-05,Female,47,Texas,Beauty,53.8,2,107.6,Standard,7,4
ORD-10891,2025-12-05,Female,26,New York,Clothing,76.53,2,153.06,Standard,3,4
ORD-10936,2025-12-05,Male,55,Florida,Beauty,46.61,3,139.83,Standard,3,4
ORD-11035,2025-12-05,Female,61,California,Home & Kitchen,130.34,3,391.02,Standard,6,4
ORD-11126,2025-12-05,Male,59,Georgia,Electronics,477.39,1,477.39,Standard,8,4
ORD-11174,2025-12-05,Male,57,Texas,Electronics,325.66,2,651.32,Same Day,0,5
ORD-11271,2025-12-05,Male,65,Georgia,Clothing,69.78,3,209.34,Express,2,4
ORD-11517,2025-12-05,Female,40,Illinois,Books,31.09,2,62.18,Express,2,3
ORD-11565,2025-12-05,Male,18,Georgia,Sports,298.27,2,596.54,Express,3,3
ORD-11578,2025-12-05,Female,40,Florida,Electronics,425.63,3,1276.89,Standard,7,4
ORD-11594,2025-12-05,Male,35,California,Clothing,41.16,3,123.48,Express,2,2
ORD-11765,2025-12-05,Male,56,Illinois,Clothing,25.38,4,101.52,Standard,8,1
ORD-10001,2025-12-06,Female,33,Washington,Home & Kitchen,155.17,3,465.51,Standard,8,4
ORD-10058,2025-12-06,Female,68,Florida,Home & Kitchen,122.68,4,490.72,Standard,5,4
ORD-10373,2025-12-06,Male,51,California,Books,27.78,2,55.56,Express,2,4
ORD-10492,2025-12-06,Male,50,Ohio,Electronics,447.86,1,447.86,Express,3,5
ORD-10880,2025-12-06,Female,25,Georgia,Electronics,367.46,2,734.92,Standard,3,5
ORD-11213,2025-12-06,Female,38,California,Electronics,169.84,3,509.52,Standard,3,5
ORD-11693,2025-12-06,Male,49,Georgia,Clothing,18.22,4,72.88,Standard,4,5
ORD-12169,2025-12-06,Female,59,California,Sports,225.54,4,902.16,Express,2,4
ORD-12270,2025-12-06,Female,23,Ohio,Clothing,41.59,3,124.77,Standard,8,5
ORD-12351,2025-12-06,Male,43,New York,Clothing,77.16,3,231.48,Express,2,5
ORD-12403,2025-12-06,Male,65,New York,Home & Kitchen,245.02,4,980.08,Standard,3,5
ORD-12603,2025-12-06,Male,64,Florida,Home & Kitchen,24.08,4,96.32,Same Day,0,5
ORD-12639,2025-12-06,Female,60,California,Clothing,38.14,3,114.42,Standard,6,5
ORD-12750,2025-12-06,Female,55,California,Sports,36.21,2,72.42,Express,3,4
ORD-12787,2025-12-06,Female,22,Texas,Clothing,70.11,4,280.44,Standard,8,1
ORD-10345,2025-12-07,Male,31,New York,Books,38.5,4,154.0,Same Day,0,1
ORD-10368,2025-12-07,Female,57,California,Clothing,34.04,3,102.12,Same Day,0,4
ORD-11216,2025-12-07,Female,45,California,Home & Kitchen,115.29,1,115.29,Standard,3,5
ORD-11971,2025-12-07,Female,56,Georgia,Home & Kitchen,202.44,3,607.32,Standard,7,3
ORD-12033,2025-12-07,Female,50,New York,Sports,151.65,3,454.95,Express,3,5
ORD-12149,2025-12-07,Female,58,New York,Books,30.69,1,30.69,Standard,4,5
ORD-12211,2025-12-07,Female,45,Illinois,Sports,84.12,1,84.12,Express,2,5
ORD-12357,2025-12-07,Female,27,New York,Electronics,149.04,2,298.08,Standard,3,5
ORD-12483,2025-12-07,Male,32,California,Electronics,158.2,1,158.2,Standard,3,5
ORD-12506,2025-12-07,Male,38,Florida,Beauty,40.65,4,162.6,Standard,8,4
ORD-12553,2025-12-07,Female,21,Texas,Home & Kitchen,232.29,1,232.29,Express,2,5
ORD-12901,2025-12-07,Male,45,Washington,Books,21.26,4,85.04,Standard,4,5
ORD-12971,2025-12-07,Male,68,Illinois,Home & Kitchen,181.4,1,181.4,Standard,6,3
ORD-10113,2025-12-08,Male,23,Ohio,Books,19.09,2,38.18,Standard,3,5
ORD-10592,2025-12-08,Female,65,Georgia,Clothing,43.43,2,86.86,Standard,7,3
ORD-10608,2025-12-08,Male,65,Georgia,Clothing,16.21,4,64.84,Standard,7,3
ORD-10610,2025-12-08,Female,49,California,Electronics,485.33,3,1455.99,Express,2,2
ORD-11134,2025-12-08,Male,43,Illinois,Clothing,45.3,3,135.9,Standard,4,2
ORD-11556,2025-12-08,Female,56,Ohio,Sports,154.45,4,617.8,Standard,8,5
ORD-11731,2025-12-08,Male,19,Florida,Electronics,180.55,2,361.1,Standard,3,5
ORD-11775,2025-12-08,Female,64,New York,Books,10.63,4,42.52,Standard,8,3
ORD-11861,2025-12-08,Male,25,California,Electronics,278.84,2,557.68,Express,1,4
ORD-11935,2025-12-08,Female,35,Florida,Electronics,440.31,1,440.31,Standard,6,4
ORD-12179,2025-12-08,Male,29,Texas,Electronics,303.59,1,303.59,Standard,4,5
ORD-12363,2025-12-08,Male,43,California,Clothing,51.35,2,102.7,Standard,5,4
ORD-12530,2025-12-08,Female,41,Florida,Clothing,78.94,1,78.94,Express,3,4
ORD-12535,2025-12-08,Male,19,Washington,Electronics,513.58,1,513.58,Express,3,4
ORD-12555,2025-12-08,Male,67,California,Clothing,18.69,4,74.76,Standard,8,4
ORD-10130,2025-12-09,Male,33,Washington,Beauty,33.84,2,67.68,Express,1,1
ORD-10232,2025-12-09,Female,32,New York,Clothing,89.82,1,89.82,Standard,3,4
ORD-10386,2025-12-09,Male,38,Ohio,Clothing,66.29,2,132.58,Standard,5,4
ORD-10586,2025-12-09,Male,28,Illinois,Sports,72.09,3,216.27,Express,2,2
ORD-11028,2025-12-09,Male,59,Florida,Home & Kitchen,140.43,3,421.29,Express,2,5
ORD-11062,2025-12-09,Female,36,Texas,Clothing,70.5,3,211.5,Express,3,4
ORD-11189,2025-12-09,Female,30,Illinois,Books,32.33,1,32.33,Standard,3,4
ORD-11203,2025-12-09,Male,68,California,Beauty,30.99,4,123.96,Same Day,0,5
ORD-11445,2025-12-09,Male,29,New York,Electronics,536.48,1,536.48,Same Day,0,4
ORD-11560,2025-12-09,Male,37,California,Sports,191.73,1,191.73,Standard,7,2
ORD-11580,2025-12-09,Male,59,New York,Electronics,511.63,1,511.63,Same Day,0,5
ORD-11653,2025-12-09,Female,22,Illinois,Electronics,355.99,2,711.98,Express,1,4
ORD-11809,2025-12-09,Male,38,Georgia,Sports,283.56,4,1134.24,Standard,4,5
ORD-11972,2025-12-09,Female,63,Georgia,Home & Kitchen,72.31,3,216.93,Standard,3,3
ORD-12127,2025-12-09,Male,62,Florida,Electronics,487.78,1,487.78,Standard,6,4
ORD-12133,2025-12-09,Female,32,Washington,Clothing,87.44,4,349.76,Standard,8,5
ORD-12171,2025-12-09,Female,66,Illinois,Books,19.51,4,78.04,Standard,6,4
ORD-12333,2025-12-09,Female,64,Texas,Electronics,549.96,2,1099.92,Standard,5,4
ORD-12571,2025-12-09,Male,61,Ohio,Electronics,211.17,1,211.17,Standard,8,5
ORD-12723,2025-12-09,Female,47,Illinois,Clothing,64.8,3,194.4,Standard,5,4
ORD-12736,2025-12-09,Female,63,Georgia,Beauty,25.23,2,50.46,Standard,7,4
ORD-12801,2025-12-09,Female,69,Texas,Beauty,52.59,3,157.77,Standard,4,2
ORD-12879,2025-12-09,Female,49,Washington,Beauty,43.16,2,86.32,Standard,7,5
ORD-10182,2025-12-10,Female,62,Washington,Clothing,28.85,3,86.55,Express,3,4
ORD-10266,2025-12-10,Female,45,Georgia,Books,22.96,1,22.96,Express,1,4
ORD-10434,2025-12-10,Female,51,Texas,Home & Kitchen,117.34,4,469.36,Standard,4,3
ORD-10556,2025-12-10,Female,56,Washington,Clothing,55.11,2,110.22,Standard,5,4
ORD-11075,2025-12-10,Male,42,Georgia,Home & Kitchen,44.79,3,134.37,Express,3,4
ORD-11093,2025-12-10,Female,39,Illinois,Electronics,205.29,2,410.58,Express,2,2
ORD-11223,2025-12-10,Male,60,Texas,Books,38.55,1,38.55,Standard,4,5
ORD-11363,2025-12-10,Female,53,New York,Sports,212.6,1,212.6,Standard,7,3
ORD-11447,2025-12-10,Male,54,Texas,Clothing,81.82,3,245.46,Standard,3,3
ORD-11779,2025-12-10,Female,48,Florida,Electronics,336.66,4,1346.64,Standard,3,4
ORD-11908,2025-12-10,Female,35,Ohio,Books,34.61,3,103.83,Standard,4,3
ORD-11958,2025-12-10,Male,43,Illinois,Beauty,45.13,1,45.13,Same Day,0,5
ORD-12015,2025-12-10,Male,57,Florida,Home & Kitchen,180.48,4,721.92,Express,3,5
ORD-12300,2025-12-10,Male,67,New York,Clothing,23.14,1,23.14,Express,1,4
ORD-12484,2025-12-10,Female,27,Illinois,Sports,214.42,3,643.26,Standard,8,4
ORD-12574,2025-12-10,Male,43,California,Home & Kitchen,136.33,2,272.66,Standard,6,3
ORD-12847,2025-12-10,Male,52,California,Beauty,39.96,1,39.96,Standard,7,5
ORD-10587,2025-12-11,Female,18,California,Books,19.84,3,59.52,Express,3,5
ORD-10622,2025-12-11,Female,30,California,Electronics,229.29,3,687.87,Express,1,2
ORD-10649,2025-12-11,Female,60,California,Sports,233.33,4,933.32,Standard,4,4
ORD-10919,2025-12-11,Male,51,California,Beauty,17.49,3,52.47,Standard,8,4
ORD-11079,2025-12-11,Male,42,California,Clothing,52.4,3,157.2,Same Day,0,4
ORD-11177,2025-12-11,Female,22,Florida,Home & Kitchen,88.7,4,354.8,Standard,8,4
ORD-11295,2025-12-11,Female,51,Washington,Clothing,54.08,2,108.16,Standard,3,4
ORD-11378,2025-12-11,Female,55,California,Electronics,123.09,3,369.27,Standard,7,4
ORD-11384,2025-12-11,Female,29,New York,Sports,176.16,3,528.48,Same Day,0,3
ORD-11524,2025-12-11,Male,22,New York,Home & Kitchen,182.67,4,730.68,Same Day,0,5
ORD-12457,2025-12-11,Male,38,Texas,Home & Kitchen,46.8,4,187.2,Express,2,3
ORD-12612,2025-12-11,Male,18,New York,Electronics,265.71,2,531.42,Standard,6,3
ORD-12620,2025-12-11,Male,63,Ohio,Sports,120.63,1,120.63,Standard,7,5
ORD-12626,2025-12-11,Female,69,Florida,Home & Kitchen,85.56,1,85.56,Standard,8,5
ORD-10081,2025-12-12,Female,57,New York,Sports,252.12,3,756.36,Same Day,0,5
ORD-10169,2025-12-12,Male,20,Illinois,Electronics,257.48,1,257.48,Standard,5,5
ORD-10220,2025-12-12,Male,67,Washington,Books,39.66,1,39.66,Express,3,4
ORD-10993,2025-12-12,Male,63,Georgia,Clothing,68.59,3,205.77,Same Day,0,4
ORD-11001,2025-12-12,Female,66,Texas,Sports,133.23,3,399.69,Same Day,0,3
ORD-11105,2025-12-12,Female,54,Texas,Electronics,487.2,4,1948.8,Express,2,5
ORD-11184,2025-12-12,Female,40,California,Home & Kitchen,223.92,3,671.76,Express,1,4
ORD-11197,2025-12-12,Female,63,California,Sports,165.29,4,661.16,Express,1,5
ORD-11355,2025-12-12,Female,61,California,Home & Kitchen,235.68,4,942.72,Standard,8,5
ORD-11512,2025-12-12,Male,54,California,Books,23.19,2,46.38,Express,1,2
ORD-11836,2025-12-12,Female,48,Texas,Sports,26.78,4,107.12,Standard,7,4
ORD-12194,2025-12-12,Female,25,Ohio,Sports,107.56,3,322.68,Standard,7,1
ORD-12267,2025-12-12,Female,59,California,Electronics,134.82,2,269.64,Express,2,5
ORD-12468,2025-12-12,Male,25,California,Beauty,24.12,3,72.36,Standard,6,5
ORD-12582,2025-12-12,Female,65,Illinois,Electronics,224.31,1,224.31,Express,1,3
ORD-12651,2025-12-12,Male,23,Texas,Books,25.6,3,76.8,Express,3,5
ORD-12806,2025-12-12,Female,44,Texas,Books,37.05,4,148.2,Standard,5,3
ORD-12833,2025-12-12,Female,59,California,Beauty,17.35,3,52.05,Express,3,5
ORD-12920,2025-12-12,Male,23,California,Beauty,29.93,2,59.86,Express,3,2
ORD-10136,2025-12-13,Male,65,Illinois,Home & Kitchen,66.79,1,66.79,Standard,6,2
ORD-10727,2025-12-13,Female,44,Florida,Beauty,53.36,4,213.44,Express,3,4
ORD-10778,2025-12-13,Female,46,California,Beauty,37.25,2,74.5,Standard,8,5
ORD-10972,2025-12-13,Male,26,Texas,Sports,162.0,3,486.0,Express,2,3
ORD-10982,2025-12-13,Male,58,Illinois,Home & Kitchen,216.57,2,433.14,Standard,4,4
ORD-11433,2025-12-13,Male,26,Illinois,Sports,260.27,3,780.81,Express,1,3
ORD-11859,2025-12-13,Female,68,Ohio,Clothing,43.51,3,130.53,Standard,8,4
ORD-12002,2025-12-13,Female,38,Illinois,Home & Kitchen,46.21,2,92.42,Express,2,3
ORD-12083,2025-12-13,Female,29,New York,Home & Kitchen,241.01,2,482.02,Express,3,3
ORD-12093,2025-12-13,Male,25,California,Beauty,41.21,3,123.63,Express,2,5
ORD-12246,2025-12-13,Female,59,California,Sports,278.27,4,1113.08,Express,2,5
ORD-12324,2025-12-13,Female,46,Georgia,Sports,268.63,3,805.89,Standard,8,4
ORD-12532,2025-12-13,Male,58,Washington,Books,31.03,4,124.12,Express,3,5
ORD-12589,2025-12-13,Male,39,Florida,Books,7.44,4,29.76,Express,1,4
ORD-12848,2025-12-13,Male,57,Florida,Sports,45.23,2,90.46,Standard,8,5
ORD-12937,2025-12-13,Female,65,California,Home & Kitchen,119.22,3,357.66,Express,2,4
ORD-10100,2025-12-14,Male,63,Georgia,Clothing,25.77,2,51.54,Express,2,5
ORD-10149,2025-12-14,Female,26,Washington,Electronics,470.01,3,1410.03,Express,3,5
ORD-10161,2025-12-14,Female,39,California,Beauty,55.4,1,55.4,Standard,6,3
ORD-10850,2025-12-14,Female,44,California,Electronics,383.55,2,767.1,Express,3,3
ORD-11024,2025-12-14,Female,42,Georgia,Clothing,39.38,2,78.76,Express,2,3
ORD-11115,2025-12-14,Female,27,Florida,Books,11.57,3,34.71,Same Day,0,3
ORD-11204,2025-12-14,Female,20,Washington,Books,24.74,2,49.48,Standard,4,4
ORD-11743,2025-12-14,Male,57,Georgia,Electronics,409.06,3,1227.18,Standard,3,5
ORD-11772,2025-12-14,Female,62,California,Clothing,35.62,2,71.24,Standard,7,5
ORD-11944,2025-12-14,Male,26,Texas,Clothing,37.15,2,74.3,Standard,8,5
ORD-11974,2025-12-14,Male,31,Illinois,Home & Kitchen,224.23,4,896.92,Standard,3,4
ORD-12379,2025-12-14,Male,55,California,Electronics,321.18,4,1284.72,Standard,8,4
ORD-12509,2025-12-14,Female,56,Texas,Beauty,43.7,3,131.1,Standard,6,4
ORD-12607,2025-12-14,Male,42,Washington,Clothing,34.35,4,137.4,Standard,5,4
ORD-10104,2025-12-15,Female,54,Florida,Clothing,67.01,4,268.04,Express,1,3
ORD-10741,2025-12-15,Female,45,Georgia,Books,25.24,4,100.96,Standard,6,5
ORD-11098,2025-12-15,Female,56,New York,Beauty,9.37,4,37.48,Standard,5,3
ORD-11226,2025-12-15,Male,19,Florida,Home & Kitchen,139.22,4,556.88,Same Day,0,5
ORD-11350,2025-12-15,Female,47,Ohio,Books,12.23,4,48.92,Express,1,1
ORD-11797,2025-12-15,Female,59,Texas,Clothing,66.04,2,132.08,Express,3,5
ORD-11979,2025-12-15,Female,48,California,Books,7.66,3,22.98,Express,3,5
ORD-12155,2025-12-15,Male,55,Ohio,Electronics,302.44,3,907.32,Express,2,3
ORD-12247,2025-12-15,Female,64,Ohio,Home & Kitchen,76.72,1,76.72,Standard,6,3
ORD-12251,2025-12-15,Male,35,New York,Home & Kitchen,78.32,3,234.96,Express,1,4
ORD-12385,2025-12-15,Female,49,New York,Electronics,210.34,1,210.34,Standard,5,4
ORD-12676,2025-12-15,Female,33,Florida,Electronics,145.67,3,437.01,Same Day,0,5
ORD-10806,2025-12-16,Male,37,California,Beauty,29.39,1,29.39,Express,2,5
ORD-10809,2025-12-16,Female,45,California,Electronics,563.97,1,563.97,Standard,7,5
ORD-10975,2025-12-16,Female,29,California,Home & Kitchen,225.03,2,450.06,Express,3,2
ORD-10994,2025-12-16,Male,38,New York,Beauty,36.67,1,36.67,Standard,6,4
ORD-11118,2025-12-16,Female,34,California,Clothing,48.57,2,97.14,Standard,7,3
ORD-11124,2025-12-16,Male,41,Illinois,Home & Kitchen,32.97,4,131.88,Standard,7,5
ORD-11229,2025-12-16,Female,41,California,Beauty,14.82,2,29.64,Standard,3,4
ORD-11250,2025-12-16,Female,59,Washington,Electronics,268.28,3,804.84,Standard,4,5
ORD-11673,2025-12-16,Female,60,California,Electronics,498.61,2,997.22,Same Day,0,5
ORD-11737,2025-12-16,Male,26,California,Home & Kitchen,204.57,4,818.28,Standard,4,4
ORD-11815,2025-12-16,Male,39,Ohio,Home & Kitchen,201.61,1,201.61,Standard,4,4
ORD-11849,2025-12-16,Male,33,Ohio,Home & Kitchen,230.9,1,230.9,Standard,6,5
ORD-12042,2025-12-16,Female,35,Ohio,Sports,52.37,1,52.37,Standard,5,4
ORD-12407,2025-12-16,Male,48,New York,Home & Kitchen,226.84,2,453.68,Standard,8,2
ORD-12421,2025-12-16,Male,69,Illinois,Home & Kitchen,244.82,2,489.64,Standard,6,4
ORD-12456,2025-12-16,Female,25,California,Sports,144.89,3,434.67,Same Day,0,4
ORD-12586,2025-12-16,Female,57,Texas,Home & Kitchen,158.23,4,632.92,Express,3,5
ORD-12610,2025-12-16,Female,54,Washington,Electronics,176.64,2,353.28,Same Day,0,4
ORD-12963,2025-12-16,Male,63,California,Books,22.78,4,91.12,Standard,5,4
ORD-10027,2025-12-17,Male,61,New York,Beauty,39.32,4,157.28,Standard,3,5
ORD-10180,2025-12-17,Female,45,Georgia,Beauty,23.49,4,93.96,Standard,3,5
ORD-10273,2025-12-17,Female,47,Texas,Clothing,61.53,1,61.53,Same Day,0,5
ORD-10572,2025-12-17,Male,59,California,Home & Kitchen,62.55,1,62.55,Standard,3,2
ORD-10957,2025-12-17,Female,32,Texas,Books,12.36,2,24.72,Standard,3,5
ORD-11100,2025-12-17,Male,67,New York,Electronics,319.36,4,1277.44,Same Day,0,4
ORD-11595,2025-12-17,Male,60,Texas,Home & Kitchen,213.51,3,640.53,Standard,8,5
ORD-11751,2025-12-17,Female,51,Illinois,Home & Kitchen,185.5,4,742.0,Standard,6,4
ORD-12183,2025-12-17,Male,39,California,Home & Kitchen,205.38,1,205.38,Standard,5,5
ORD-12220,2025-12-17,Male,49,Illinois,Beauty,34.25,3,102.75,Standard,7,4
ORD-12331,2025-12-17,Female,63,Florida,Beauty,29.91,1,29.91,Standard,4,1
ORD-12368,2025-12-17,Male,24,Florida,Sports,206.85,3,620.55,Same Day,0,4
ORD-12388,2025-12-17,Female,64,California,Electronics,598.58,1,598.58,Standard,3,5
ORD-12510,2025-12-17,Female,21,California,Beauty,43.33,1,43.33,Standard,3,2
ORD-12534,2025-12-17,Female,42,Ohio,Beauty,16.08,3,48.24,Express,3,5
ORD-12746,2025-12-17,Female,49,New York,Clothing,18.73,4,74.92,Standard,6,1
ORD-10134,2025-12-18,Female,59,Florida,Clothing,63.61,4,254.44,Standard,7,3
ORD-10239,2025-12-18,Male,67,New York,Electronics,203.46,1,203.46,Express,3,2
ORD-10324,2025-12-18,Male,51,Texas,Sports,72.55,3,217.65,Standard,6,5
ORD-10398,2025-12-18,Female,44,Illinois,Beauty,15.52,3,46.56,Standard,5,4
ORD-10689,2025-12-18,Female,27,Washington,Sports,268.74,4,1074.96,Standard,7,5
ORD-10722,2025-12-18,Male,60,Washington,Electronics,352.29,3,1056.87,Standard,6,5
ORD-10800,2025-12-18,Male,52,Texas,Electronics,209.41,2,418.82,Express,1,5
ORD-10902,2025-12-18,Female,37,Georgia,Sports,258.0,3,774.0,Express,1,2
ORD-11146,2025-12-18,Male,38,Georgia,Clothing,64.85,4,259.4,Standard,7,3
ORD-11425,2025-12-18,Male,27,Washington,Home & Kitchen,117.58,2,235.16,Standard,7,5
ORD-12162,2025-12-18,Female,56,Washington,Clothing,52.93,1,52.93,Same Day,0,5
ORD-12296,2025-12-18,Male,53,New York,Home & Kitchen,201.46,4,805.84,Express,2,4
ORD-12524,2025-12-18,Female,29,Ohio,Beauty,9.02,2,18.04,Express,1,5
ORD-10483,2025-12-19,Male,22,Texas,Home & Kitchen,24.26,1,24.26,Standard,5,3
ORD-10488,2025-12-19,Female,36,California,Home & Kitchen,63.3,4,253.2,Standard,8,1
ORD-10573,2025-12-19,Male,24,New York,Electronics,536.85,4,2147.4,Standard,7,5
ORD-10673,2025-12-19,Female,49,Georgia,Beauty,23.94,3,71.82,Express,1,5
ORD-11326,2025-12-19,Female,33,Texas,Books,31.47,1,31.47,Standard,8,5
ORD-11377,2025-12-19,Male,45,Ohio,Clothing,36.79,3,110.37,Standard,7,5
ORD-11776,2025-12-19,Female,28,Texas,Electronics,265.13,4,1060.52,Standard,8,5
ORD-11792,2025-12-19,Male,60,Illinois,Books,19.9,2,39.8,Standard,5,4
ORD-11904,2025-12-19,Female,47,California,Clothing,44.9,3,134.7,Standard,5,5
ORD-11989,2025-12-19,Female,69,Texas,Clothing,23.28,4,93.12,Standard,4,5
ORD-10072,2025-12-20,Female,25,New York,Home & Kitchen,224.94,3,674.82,Express,3,3
ORD-10372,2025-12-20,Female,23,Georgia,Clothing,41.44,3,124.32,Same Day,0,4
ORD-10405,2025-12-20,Female,26,Illinois,Beauty,33.0,3,99.0,Same Day,0,5
ORD-10810,2025-12-20,Male,27,Texas,Clothing,69.79,4,279.16,Standard,5,3
ORD-10873,2025-12-20,Male,26,Ohio,Clothing,33.39,2,66.78,Standard,6,5
ORD-10907,2025-12-20,Male,55,Texas,Home & Kitchen,55.1,1,55.1,Standard,8,4
ORD-10917,2025-12-20,Male,46,Texas,Books,29.17,2,58.34,Standard,8,5
ORD-11153,2025-12-20,Male,21,Washington,Beauty,9.43,3,28.29,Express,1,4
ORD-11157,2025-12-20,Female,51,Georgia,Books,16.1,3,48.3,Standard,4,5
ORD-11535,2025-12-20,Male,62,Illinois,Books,12.34,3,37.02,Standard,4,4
ORD-11563,2025-12-20,Female,51,Texas,Clothing,28.69,2,57.38,Standard,6,4
ORD-11747,2025-12-20,Female,59,Washington,Clothing,58.2,4,232.8,Express,3,1
ORD-12017,2025-12-20,Male,51,Florida,Clothing,56.66,2,113.32,Standard,5,4
ORD-12293,2025-12-20,Female,45,Washington,Sports,272.56,2,545.12,Standard,5,4
ORD-12486,2025-12-20,Female,39,Florida,Home & Kitchen,81.93,4,327.72,Standard,4,4
ORD-12615,2025-12-20,Male,19,Texas,Home & Kitchen,192.47,3,577.41,Standard,5,5
ORD-12970,2025-12-20,Female,47,Illinois,Electronics,509.88,3,1529.64,Express,3,4
ORD-10005,2025-12-21,Male,35,Texas,Beauty,13.9,4,55.6,Same Day,0,4
ORD-10472,2025-12-21,Male,32,New York,Electronics,127.18,2,254.36,Standard,6,4
ORD-10496,2025-12-21,Female,28,Georgia,Books,15.1,3,45.3,Standard,8,4
ORD-10580,2025-12-21,Male,41,Texas,Sports,250.53,3,751.59,Express,1,5
ORD-10679,2025-12-21,Female,19,Illinois,Clothing,41.6,3,124.8,Standard,4,5
ORD-10771,2025-12-21,Female,27,New York,Books,9.74,4,38.96,Same Day,0,2
ORD-10928,2025-12-21,Female,19,Ohio,Electronics,278.12,2,556.24,Standard,3,1
ORD-11082,2025-12-21,Male,68,Ohio,Clothing,41.7,1,41.7,Express,1,3
ORD-11122,2025-12-21,Male,54,Texas,Clothing,32.93,2,65.86,Express,1,4
ORD-11214,2025-12-21,Male,47,Washington,Beauty,16.69,4,66.76,Express,2,5
ORD-11442,2025-12-21,Male,32,Texas,Beauty,44.43,1,44.43,Standard,7,5
ORD-11840,2025-12-21,Female,43,California,Sports,159.81,1,159.81,Standard,3,5
ORD-12223,2025-12-21,Female,25,Florida,Beauty,49.02,4,196.08,Express,1,5
ORD-12618,2025-12-21,Male,53,California,Beauty,46.24,2,92.48,Standard,3,3
ORD-12673,2025-12-21,Male,26,Florida,Sports,165.14,1,165.14,Standard,3,3
ORD-10077,2025-12-22,Female,35,Florida,Clothing,21.02,3,63.06,Standard,8,5
ORD-10347,2025-12-22,Male,60,Illinois,Books,9.05,3,27.15,Standard,5,2
ORD-10425,2025-12-22,Female,64,Texas,Beauty,45.08,3,135.24,Standard,7,5
ORD-10667,2025-12-22,Female,57,Illinois,Books,18.18,1,18.18,Same Day,0,4
ORD-10857,2025-12-22,Female,66,Georgia,Home & Kitchen,161.08,2,322.16,Standard,4,4
ORD-10879,2025-12-22,Female,50,Florida,Home & Kitchen,187.78,1,187.78,Standard,3,2
ORD-10929,2025-12-22,Male,32,Florida,Sports,96.96,4,387.84,Same Day,0,3
ORD-11192,2025-12-22,Male,62,Ohio,Clothing,87.59,3,262.77,Standard,6,5
ORD-11205,2025-12-22,Female,59,Washington,Beauty,32.92,2,65.84,Express,2,5
ORD-11264,2025-12-22,Female,60,Texas,Electronics,500.3,4,2001.2,Express,2,5
ORD-11299,2025-12-22,Female,23,California,Home & Kitchen,226.13,1,226.13,Standard,6,5
ORD-11464,2025-12-22,Female,48,New York,Electronics,561.1,2,1122.2,Standard,7,5
ORD-11478,2025-12-22,Male,38,California,Electronics,511.94,1,511.94,Standard,6,5
ORD-11599,2025-12-22,Male,41,California,Electronics,596.69,4,2386.76,Standard,4,1
ORD-12253,2025-12-22,Male,47,Illinois,Electronics,446.26,4,1785.04,Standard,5,5
ORD-12514,2025-12-22,Female,42,Washington,Electronics,292.61,2,585.22,Express,3,1
ORD-12558,2025-12-22,Male,35,Florida,Sports,137.76,4,551.04,Standard,7,5
ORD-12733,2025-12-22,Male,39,Florida,Electronics,197.18,3,591.54,Same Day,0,5
ORD-12983,2025-12-22,Male,45,New York,Clothing,79.4,4,317.6,Express,1,4
ORD-10145,2025-12-23,Male,23,Florida,Electronics,521.51,4,2086.04,Express,3,4
ORD-10184,2025-12-23,Male,42,Ohio,Electronics,577.64,4,2310.56,Express,1,5
ORD-10356,2025-12-23,Male,44,Illinois,Beauty,55.31,3,165.93,Standard,7,4
ORD-10748,2025-12-23,Female,25,Georgia,Books,9.99,2,19.98,Standard,3,3
ORD-10783,2025-12-23,Male,32,California,Electronics,180.88,2,361.76,Standard,6,5
ORD-11233,2025-12-23,Male,27,Texas,Electronics,500.18,1,500.18,Standard,7,5
ORD-11404,2025-12-23,Female,53,California,Beauty,53.26,1,53.26,Standard,7,5
ORD-11825,2025-12-23,Female,49,Florida,Sports,191.85,2,383.7,Express,1,4
ORD-12409,2025-12-23,Male,51,Washington,Electronics,260.7,4,1042.8,Standard,4,4
ORD-12922,2025-12-23,Female,36,Illinois,Electronics,440.37,3,1321.11,Express,2,3
ORD-12956,2025-12-23,Male,65,Texas,Clothing,41.0,3,123.0,Express,2,5
ORD-10016,2025-12-24,Male,33,Florida,Home & Kitchen,166.37,1,166.37,Express,3,5
ORD-10805,2025-12-24,Female,65,Florida,Sports,263.7,2,527.4,Standard,5,3
ORD-10943,2025-12-24,Male,54,New York,Home & Kitchen,193.81,1,193.81,Express,2,5
ORD-11080,2025-12-24,Male,41,Texas,Clothing,43.91,4,175.64,Standard,8,3
ORD-11236,2025-12-24,Female,68,Ohio,Home & Kitchen,193.01,3,579.03,Express,3,4
ORD-11375,2025-12-24,Male,36,California,Clothing,41.57,2,83.14,Express,2,4
ORD-11784,2025-12-24,Female,48,New York,Books,35.28,4,141.12,Express,2,3
ORD-11818,2025-12-24,Female,24,California,Home & Kitchen,21.62,2,43.24,Standard,8,5
ORD-12107,2025-12-24,Female,22,California,Clothing,36.7,3,110.1,Standard,8,3
ORD-12552,2025-12-24,Female,20,Texas,Clothing,37.16,2,74.32,Express,2,5
ORD-12554,2025-12-24,Female,65,Texas,Books,16.57,3,49.71,Standard,6,5
ORD-12683,2025-12-24,Female,68,Washington,Electronics,536.56,1,536.56,Standard,5,3
ORD-12767,2025-12-24,Female,59,Washington,Electronics,492.44,1,492.44,Express,1,3
ORD-12977,2025-12-24,Male,60,Washington,Sports,42.27,3,126.81,Express,3,3
ORD-10198,2025-12-25,Male,44,Florida,Books,32.6,4,130.4,Express,1,4
ORD-10207,2025-12-25,Male,65,Georgia,Home & Kitchen,110.68,2,221.36,Standard,3,4
ORD-10233,2025-12-25,Male,31,Texas,Books,29.63,2,59.26,Standard,8,5
ORD-10295,2025-12-25,Male,63,Florida,Sports,277.95,1,277.95,Standard,6,4
ORD-10320,2025-12-25,Male,48,Washington,Home & Kitchen,206.2,1,206.2,Standard,8,4
ORD-10327,2025-12-25,Male,57,Illinois,Beauty,57.43,1,57.43,Standard,3,4
ORD-10401,2025-12-25,Female,45,Florida,Clothing,65.39,2,130.78,Standard,6,5
ORD-10412,2025-12-25,Male,64,Florida,Electronics,252.45,1,252.45,Same Day,0,5
ORD-10527,2025-12-25,Female,51,Florida,Books,10.78,3,32.34,Express,3,3
ORD-10812,2025-12-25,Male,60,Washington,Clothing,29.43,2,58.86,Express,3,5
ORD-10932,2025-12-25,Female,24,Florida,Electronics,296.36,1,296.36,Standard,8,2
ORD-11054,2025-12-25,Female,30,California,Home & Kitchen,176.88,4,707.52,Same Day,0,4
ORD-11209,2025-12-25,Male,35,New York,Electronics,488.66,4,1954.64,Express,2,5
ORD-11288,2025-12-25,Female,38,New York,Sports,199.3,3,597.9,Standard,7,4
ORD-11507,2025-12-25,Male,40,New York,Home & Kitchen,27.34,4,109.36,Standard,8,4
ORD-11674,2025-12-25,Female,54,Texas,Beauty,49.15,3,147.45,Standard,7,3
ORD-11758,2025-12-25,Female,60,Texas,Clothing,46.79,2,93.58,Standard,5,5
ORD-11858,2025-12-25,Female,69,Ohio,Books,8.68,4,34.72,Standard,7,3
ORD-11872,2025-12-25,Male,56,Georgia,Books,16.23,2,32.46,Standard,6,4
ORD-11875,2025-12-25,Female,21,Texas,Clothing,45.95,4,183.8,Standard,6,5
ORD-11936,2025-12-25,Male,64,New York,Clothing,33.09,1,33.09,Express,1,5
ORD-12224,2025-12-25,Female,54,Georgia,Clothing,49.62,2,99.24,Express,1,4
ORD-12637,2025-12-25,Female,30,Texas,Electronics,329.55,4,1318.2,Express,2,5
ORD-12685,2025-12-25,Female,33,California,Home & Kitchen,110.26,3,330.78,Same Day,0,5
ORD-12778,2025-12-25,Female,23,New York,Home & Kitchen,234.1,3,702.3,Standard,8,5
ORD-12834,2025-12-25,Female,23,Texas,Beauty,57.26,3,171.78,Express,3,2
ORD-12846,2025-12-25,Female,40,Ohio,Books,34.06,2,68.12,Express,2,5
ORD-12861,2025-12-25,Female,35,California,Electronics,326.03,2,652.06,Standard,4,4
ORD-12958,2025-12-25,Male,38,Ohio,Beauty,19.83,3,59.49,Standard,7,3
ORD-10143,2025-12-26,Male,32,Florida,Beauty,13.09,4,52.36,Standard,5,5
ORD-10696,2025-12-26,Female,49,Florida,Electronics,590.36,3,1771.08,Standard,7,3
ORD-10998,2025-12-26,Female,44,Texas,Home & Kitchen,189.59,2,379.18,Standard,8,5
ORD-11456,2025-12-26,Female,49,California,Clothing,38.41,1,38.41,Same Day,0,5
ORD-11458,2025-12-26,Female,38,Illinois,Books,11.43,3,34.29,Standard,3,4
ORD-11808,2025-12-26,Female,18,Texas,Electronics,421.88,2,843.76,Same Day,0,5
ORD-11893,2025-12-26,Female,69,New York,Clothing,79.82,4,319.28,Express,2,5
ORD-12314,2025-12-26,Male,66,Washington,Beauty,51.78,1,51.78,Same Day,0,5
ORD-12463,2025-12-26,Male,52,California,Sports,95.49,1,95.49,Standard,4,1
ORD-12889,2025-12-26,Female,43,Texas,Books,7.03,2,14.06,Standard,8,5
ORD-10019,2025-12-27,Female,29,Illinois,Books,20.05,2,40.1,Express,1,4
ORD-10049,2025-12-27,Female,65,California,Beauty,54.37,4,217.48,Express,3,5
ORD-10068,2025-12-27,Female,34,Florida,Sports,47.92,3,143.76,Standard,4,5
ORD-10296,2025-12-27,Male,58,California,Books,13.1,3,39.3,Express,3,4
ORD-10375,2025-12-27,Male,47,California,Clothing,51.61,4,206.44,Standard,3,5
ORD-10790,2025-12-27,Female,51,New York,Sports,210.85,4,843.4,Standard,6,5
ORD-11071,2025-12-27,Male,21,California,Electronics,592.8,4,2371.2,Express,1,4
ORD-11254,2025-12-27,Female,54,Washington,Sports,272.25,2,544.5,Standard,8,5
ORD-11325,2025-12-27,Female,34,California,Sports,194.17,1,194.17,Standard,8,4
ORD-11486,2025-12-27,Male,33,California,Home & Kitchen,74.85,3,224.55,Standard,8,2
ORD-11668,2025-12-27,Female,54,Georgia,Sports,50.59,4,202.36,Express,1,4
ORD-11827,2025-12-27,Male,49,New York,Sports,194.35,1,194.35,Same Day,0,5
ORD-11914,2025-12-27,Female,35,Texas,Home & Kitchen,221.49,1,221.49,Same Day,0,5
ORD-12412,2025-12-27,Male,60,Illinois,Clothing,40.57,3,121.71,Express,1,5
ORD-12566,2025-12-27,Male,28,New York,Beauty,31.94,4,127.76,Standard,4,4
ORD-12886,2025-12-27,Female,46,California,Electronics,359.8,4,1439.2,Standard,4,3
ORD-12895,2025-12-27,Male,26,Washington,Electronics,393.08,1,393.08,Standard,6,3
ORD-10139,2025-12-28,Female,63,Texas,Sports,205.66,1,205.66,Standard,3,5
ORD-10316,2025-12-28,Male,40,California,Books,28.13,3,84.39,Standard,7,2
ORD-10346,2025-12-28,Female,59,Illinois,Clothing,32.8,3,98.4,Same Day,0,5
ORD-10786,2025-12-28,Male,58,Georgia,Clothing,20.34,4,81.36,Standard,8,4
ORD-10792,2025-12-28,Female,55,California,Electronics,360.01,2,720.02,Standard,7,5
ORD-11259,2025-12-28,Male,62,Washington,Sports,61.43,1,61.43,Standard,5,4
ORD-11293,2025-12-28,Male,31,Ohio,Electronics,149.58,1,149.58,Standard,7,3
ORD-11579,2025-12-28,Male,35,Ohio,Beauty,51.69,2,103.38,Express,2,4
ORD-11752,2025-12-28,Male,39,California,Books,19.53,3,58.59,Same Day,0,5
ORD-11917,2025-12-28,Female,25,Texas,Clothing,71.24,2,142.48,Express,3,2
ORD-12057,2025-12-28,Female,26,California,Sports,82.28,3,246.84,Express,2,4
ORD-12184,2025-12-28,Male,64,Washington,Sports,295.99,3,887.97,Standard,5,5
ORD-12758,2025-12-28,Male,59,New York,Electronics,349.64,1,349.64,Standard,4,4
ORD-12999,2025-12-28,Female,68,New York,Clothing,51.84,1,51.84,Standard,3,5
